ID,Users,Memory,CPU,Service1Replica,Service2Replica,Metric,createOrder,basket,getCatalogue,getItem,getCart,login,getOrders,catalogue,home,tags,getCustomer,viewOrdersPage,cataloguePage,getRelated,addToCart,catalogueSize,getAddress,getCard,showDetails
1,150,1,0.5,2,0,Avg (sec),0.011,0.002,0.063,0.063,0.044,0.072,0.011,0.002,0.002,0.061,0.028,0.002,0.06,0.064,0.003,0.062,0.024,0.021,0.002
1,150,1,0.5,2,0,SD (sec),0.066,0.002,0.236,0.233,0.188,0.248,0.06,0.002,0.002,0.23,0.148,0.002,0.229,0.235,0.008,0.231,0.134,0.125,0.002
1,150,1,0.5,2,0,Mix % (take failure into account),0.0132,0.0132,0.1128,0.096,0.2259,0.0261,0.0261,0.0303,0.0996,0.0303,0.1131,0.0261,0.0303,0.0435,0.0132,0.0303,0.0132,0.0132,0.0435
2,150,1,0.5,2,1,Avg (sec),0.001,0.001,0.043,0.043,0.054,0.062,0.001,0.001,0.022,0.041,0.038,0.001,0.06,0.044,0.013,0.052,0.034,0.001,0.022
2,150,1,0.5,2,1,SD (sec),0.046,0.022,0.236,0.243,0.208,0.228,0.07,0.012,0.001,0.23,0.128,0.002,0.249,0.225,0.018,0.251,0.154,0.115,0.001
2,150,1,0.5,2,1,Mix % (take failure into account),0.0032,0.0332,0.1128,0.076,0.2459,0.0261,0.0261,0.0103,0.1096,0.0503,0.0931,0.0461,0.0403,0.0535,0.0132,0.0503,0.001,0.0032,0.0435
3,300,0.5,0.25,4,0,Avg (sec),0.008,0.002,0.014,0.017,16.504,9.274,0.008,0.002,0.001,0.014,0.009,0.001,0.014,0.017,0.003,0.014,0.012,0.007,0.002
3,300,0.5,0.25,4,0,SD (sec),0.028,0.001,0.1,0.109,30.901,18.947,0.028,0.002,0.002,0.095,0.064,0.001,0.098,0.109,0.007,0.091,0.08,0.039,0.002
3,300,0.5,0.25,4,0,Mix % (take failure into account),0.013,0.013,0.1132,0.0957,0.2254,0.0257,0.0259,0.0305,0.1001,0.0306,0.1133,0.0258,0.0307,0.0438,0.013,0.0305,0.013,0.013,0.0436
4,300,0.5,0.25,4,1,Avg (sec),0.018,0.002,0.014,0.027,16.494,9.254,0.018,0.012,0.021,0.024,0.029,0.001,0.004,0.037,0.003,0.014,0.032,0.001,0.001
4,300,0.5,0.25,4,1,SD (sec),0.028,0.001,0.1,0.129,30.901,18.957,0.048,0.022,0.001,0.095,0.074,0.001,0.078,0.109,0.001,0.111,0.09,0.039,0.002
4,300,0.5,0.25,4,1,Mix % (take failure into account),0.013,0.001,0.1132,0.0957,0.2054,0.0257,0.0459,0.0105,0.1001,0.0206,0.1233,0.0058,0.0507,0.0238,0.001,0.0505,0.033,0.001,0.0636
5,250,1,0.5,2,0,Avg (sec),0.056,0.002,0.432,0.426,0.317,0.53,0.058,0.002,0.002,0.439,0.207,0.002,0.423,0.428,0.003,0.427,0.207,0.208,0.002
5,250,1,0.5,2,0,SD (sec),0.215,0.004,0.494,0.493,0.462,0.62,0.218,0.005,0.004,0.495,0.401,0.004,0.493,0.493,0.008,0.493,0.401,0.402,0.004
5,250,1,0.5,2,0,Mix % (take failure into account),0.013,0.013,0.1131,0.0956,0.2261,0.0262,0.0262,0.0304,0.1002,0.0304,0.113,0.0262,0.0304,0.0434,0.013,0.0304,0.013,0.013,0.0434
6,250,1,0.5,2,1,Avg (sec),0.066,0.012,0.432,0.406,0.297,0.53,0.058,0.022,0.002,0.449,0.217,0.001,0.423,0.408,0.001,0.407,0.227,0.228,0.022
6,250,1,0.5,2,1,SD (sec),0.225,0.024,0.474,0.473,0.482,0.6,0.218,0.001,0.014,0.515,0.401,0.024,0.473,0.473,0.001,0.483,0.421,0.422,0.014
6,250,1,0.5,2,1,Mix % (take failure into account),0.001,0.001,0.0931,0.0856,0.2461,0.0362,0.0062,0.0104,0.1002,0.0404,0.123,0.0462,0.0204,0.0634,0.013,0.0104,0.023,0.001,0.0634
7,50,0.5,0.5,2,0,Avg (sec),0.007,0.001,0.004,0.005,0.009,0.016,0.008,0.001,0.001,0.005,0.005,0.001,0.004,0.005,0.003,0.005,0.005,0.005,0.001
7,50,0.5,0.5,2,0,SD (sec),0.007,0.001,0.002,0.007,0.016,0.017,0.008,0.001,0.001,0.008,0.008,0.001,0.001,0.007,0.008,0.007,0.007,0.007,0.001
7,50,0.5,0.5,2,0,Mix % (take failure into account),0.0129,0.0129,0.1133,0.0954,0.2262,0.0262,0.0261,0.0305,0.1003,0.0305,0.113,0.0261,0.0305,0.0434,0.0129,0.0305,0.0129,0.0129,0.0434
8,50,0.5,0.5,2,1,Avg (sec),0.017,0.001,0.001,0.015,0.001,0.016,0.028,0.011,0.001,0.005,0.001,0.001,0.024,0.001,0.003,0.005,0.025,0.015,0.011
8,50,0.5,0.5,2,1,SD (sec),0.017,0.011,0.001,0.001,0.006,0.027,0.028,0.011,0.001,0.001,0.001,0.021,0.001,0.007,0.001,0.001,0.001,0.001,0.021
8,50,0.5,0.5,2,1,Mix % (take failure into account),0.0229,0.001,0.1033,0.1054,0.2462,0.0162,0.0061,0.0305,0.0903,0.0105,0.133,0.0261,0.0305,0.0334,0.001,0.0105,0.0029,0.0329,0.0434
9,300,0.5,0.25,2,0,Avg (sec),0.053,0.002,0.414,0.417,0.512,0.693,0.056,0.002,0.002,0.408,0.202,0.002,0.408,0.413,0.003,0.418,0.199,0.208,0.002
9,300,0.5,0.25,2,0,SD (sec),0.207,0.006,0.491,0.492,1.515,1.484,0.214,0.006,0.007,0.49,0.397,0.006,0.49,0.491,0.008,0.492,0.395,0.401,0.006
9,300,0.5,0.25,2,0,Mix % (take failure into account),0.0131,0.013,0.1131,0.0956,0.2259,0.0262,0.0262,0.0304,0.1002,0.0304,0.113,0.0262,0.0303,0.0435,0.013,0.0304,0.013,0.0131,0.0434
10,300,0.5,0.25,2,1,Avg (sec),0.043,0.001,0.424,0.437,0.532,0.713,0.056,0.022,0.001,0.418,0.222,0.002,0.388,0.413,0.013,0.438,0.219,0.208,0.002
10,300,0.5,0.25,2,1,SD (sec),0.197,0.001,0.471,0.482,1.515,1.504,0.224,0.006,0.001,0.5,0.377,0.001,0.5,0.481,0.028,0.472,0.415,0.401,0.016
10,300,0.5,0.25,2,1,Mix % (take failure into account),0.0231,0.013,0.1031,0.0956,0.2459,0.0262,0.0462,0.0304,0.1202,0.0204,0.113,0.0162,0.0303,0.0635,0.001,0.0404,0.013,0.0131,0.0234
11,100,1,0.5,2,0,Avg (sec),0.007,0.002,0.004,0.005,0.007,0.014,0.007,0.001,0.001,0.005,0.005,0.001,0.004,0.005,0.003,0.005,0.005,0.005,0.001
11,100,1,0.5,2,0,SD (sec),0.008,0.001,0.002,0.008,0.012,0.014,0.008,0.002,0.002,0.008,0.008,0.002,0.002,0.007,0.007,0.008,0.008,0.007,0.002
11,100,1,0.5,2,0,Mix % (take failure into account),0.0132,0.0133,0.113,0.0963,0.226,0.0265,0.0265,0.0299,0.0997,0.03,0.113,0.0265,0.03,0.0432,0.0133,0.0299,0.0133,0.0133,0.0432
12,100,1,0.5,2,1,Avg (sec),0.007,0.001,0.004,0.025,0.007,0.034,0.017,0.021,0.001,0.015,0.001,0.001,0.004,0.015,0.023,0.001,0.001,0.005,0.001
12,100,1,0.5,2,1,SD (sec),0.001,0.001,0.012,0.001,0.012,0.024,0.001,0.022,0.001,0.008,0.001,0.002,0.022,0.017,0.027,0.008,0.001,0.017,0.002
12,100,1,0.5,2,1,Mix % (take failure into account),0.0332,0.001,0.123,0.0863,0.246,0.0365,0.0265,0.0399,0.0897,0.03,0.103,0.0365,0.04,0.0532,0.001,0.0199,0.0133,0.0033,0.0332
13,300,1,0.5,2,0,Avg (sec),0.052,0.002,0.428,0.434,0.321,0.516,0.053,0.002,0.002,0.427,0.214,0.002,0.431,0.441,0.003,0.427,0.205,0.209,0.002
13,300,1,0.5,2,0,SD (sec),0.206,0.008,0.494,0.494,0.464,0.611,0.208,0.007,0.006,0.494,0.406,0.005,0.494,0.496,0.008,0.493,0.399,0.402,0.006
13,300,1,0.5,2,0,Mix % (take failure into account),0.0132,0.0132,0.1128,0.096,0.2259,0.026,0.026,0.0303,0.0995,0.0303,0.1131,0.026,0.0303,0.0436,0.0132,0.0303,0.0132,0.0132,0.0436
14,300,1,0.5,2,1,Avg (sec),0.072,0.001,0.448,0.424,0.311,0.526,0.073,0.022,0.012,0.407,0.224,0.022,0.411,0.451,0.013,0.417,0.215,0.199,0.002
14,300,1,0.5,2,1,SD (sec),0.186,0.001,0.474,0.514,0.474,0.601,0.228,0.001,0.026,0.474,0.386,0.001,0.514,0.476,0.018,0.503,0.379,0.392,0.006
14,300,1,0.5,2,1,Mix % (take failure into account),0.0232,0.0132,0.1328,0.106,0.2059,0.026,0.036,0.0203,0.0895,0.0103,0.1031,0.046,0.0303,0.0436,0.0332,0.0103,0.0032,0.001,0.0336
15,100,0.5,0.5,1,0,Avg (sec),0.007,0.002,0.004,0.005,0.007,0.013,0.007,0.001,0.001,0.005,0.005,0.001,0.004,0.005,0.003,0.005,0.005,0.005,0.001
15,100,0.5,0.5,1,0,SD (sec),0.007,0.001,0.002,0.008,0.01,0.012,0.008,0.001,0.001,0.007,0.008,0.002,0.002,0.008,0.007,0.008,0.008,0.008,0.001
15,100,0.5,0.5,1,0,Mix % (take failure into account),0.0129,0.0129,0.1134,0.0954,0.2263,0.0264,0.0264,0.0304,0.1005,0.0303,0.1129,0.0264,0.0304,0.0432,0.0129,0.0303,0.0129,0.0129,0.0433
16,100,0.5,0.5,1,1,Avg (sec),0.007,0.001,0.001,0.001,0.017,0.023,0.001,0.011,0.021,0.015,0.005,0.021,0.004,0.001,0.001,0.015,0.025,0.001,0.001
16,100,0.5,0.5,1,1,SD (sec),0.007,0.021,0.002,0.008,0.02,0.012,0.001,0.001,0.001,0.027,0.028,0.001,0.002,0.001,0.007,0.008,0.008,0.001,0.001
16,100,0.5,0.5,1,1,Mix % (take failure into account),0.001,0.0229,0.1334,0.1054,0.2363,0.0464,0.0264,0.0104,0.0905,0.0503,0.1029,0.0264,0.0404,0.0532,0.0129,0.0303,0.0129,0.0329,0.0633
17,50,1,0.5,4,0,Avg (sec),0.008,0.001,0.004,0.005,0.01,0.018,0.007,0.001,0.001,0.005,0.005,0.001,0.004,0.005,0.003,0.005,0.005,0.005,0.001
17,50,1,0.5,4,0,SD (sec),0.007,0.001,0.002,0.007,0.017,0.02,0.007,0.001,0.001,0.008,0.007,0.001,0.001,0.008,0.007,0.007,0.007,0.007,0.001
17,50,1,0.5,4,0,Mix % (take failure into account),0.0131,0.0131,0.113,0.0959,0.226,0.0263,0.0262,0.0303,0.0998,0.0303,0.113,0.0262,0.0303,0.0434,0.0132,0.0303,0.0131,0.0131,0.0434
18,50,1,0.5,4,1,Avg (sec),0.001,0.001,0.014,0.001,0.03,0.018,0.001,0.001,0.001,0.025,0.001,0.001,0.001,0.005,0.001,0.005,0.005,0.005,0.001
18,50,1,0.5,4,1,SD (sec),0.027,0.001,0.012,0.007,0.017,0.02,0.001,0.001,0.001,0.028,0.001,0.001,0.021,0.001,0.017,0.027,0.017,0.027,0.021
18,50,1,0.5,4,1,Mix % (take failure into account),0.0131,0.0131,0.113,0.1059,0.226,0.0163,0.0262,0.0303,0.1098,0.0203,0.103,0.0262,0.0503,0.0634,0.001,0.0203,0.0331,0.001,0.0234
19,100,0.5,0.25,2,0,Avg (sec),0.008,0.002,0.004,0.005,0.279,0.158,0.007,0.002,0.001,0.005,0.005,0.001,0.004,0.005,0.003,0.005,0.005,0.006,0.002
19,100,0.5,0.25,2,0,SD (sec),0.008,0.002,0.002,0.008,0.932,0.773,0.007,0.002,0.002,0.007,0.008,0.002,0.002,0.008,0.007,0.008,0.008,0.008,0.002
19,100,0.5,0.25,2,0,Mix % (take failure into account),0.0131,0.0131,0.113,0.0957,0.2258,0.0261,0.0261,0.0304,0.0999,0.0304,0.1131,0.0261,0.0304,0.0435,0.0131,0.0304,0.0131,0.0131,0.0435
20,100,0.5,0.25,2,1,Avg (sec),0.001,0.001,0.014,0.015,0.279,0.178,0.017,0.002,0.001,0.025,0.001,0.001,0.024,0.001,0.001,0.025,0.001,0.016,0.012
20,100,0.5,0.25,2,1,SD (sec),0.008,0.002,0.002,0.008,0.932,0.783,0.007,0.012,0.002,0.017,0.001,0.002,0.002,0.001,0.017,0.028,0.001,0.001,0.012
20,100,0.5,0.25,2,1,Mix % (take failure into account),0.0131,0.0231,0.133,0.0957,0.2158,0.0061,0.0061,0.0104,0.1199,0.0304,0.1031,0.0461,0.0204,0.0635,0.0031,0.0504,0.0131,0.0231,0.0335
21,150,0.5,0.25,4,0,Avg (sec),0.011,0.002,0.049,0.051,0.115,0.109,0.011,0.002,0.002,0.048,0.024,0.002,0.047,0.051,0.003,0.052,0.023,0.023,0.002
21,150,0.5,0.25,4,0,SD (sec),0.062,0.002,0.207,0.208,0.579,0.469,0.059,0.002,0.002,0.203,0.135,0.002,0.203,0.207,0.008,0.21,0.133,0.133,0.002
21,150,0.5,0.25,4,0,Mix % (take failure into account),0.0131,0.0131,0.1132,0.0958,0.2259,0.0264,0.0263,0.0303,0.1002,0.0303,0.113,0.0263,0.0302,0.0433,0.0131,0.0303,0.0131,0.0131,0.0433
22,150,0.5,0.25,4,1,Avg (sec),0.031,0.001,0.059,0.061,0.105,0.089,0.001,0.022,0.001,0.038,0.014,0.012,0.027,0.051,0.023,0.062,0.033,0.033,0.001
22,150,0.5,0.25,4,1,SD (sec),0.042,0.002,0.197,0.188,0.559,0.449,0.059,0.012,0.012,0.183,0.145,0.022,0.223,0.197,0.001,0.23,0.123,0.123,0.002
22,150,0.5,0.25,4,1,Mix % (take failure into account),0.0231,0.001,0.1032,0.0758,0.2359,0.0364,0.0163,0.0303,0.1002,0.0303,0.133,0.0063,0.0202,0.0333,0.0331,0.0303,0.0031,0.0331,0.0233
23,200,0.5,0.25,2,0,Avg (sec),0.007,0.002,0.004,0.005,3.797,2.607,0.007,0.002,0.002,0.005,0.005,0.002,0.004,0.005,0.003,0.005,0.005,0.005,0.002
23,200,0.5,0.25,2,0,SD (sec),0.008,0.002,0.003,0.008,5.208,4.062,0.008,0.002,0.002,0.008,0.008,0.002,0.003,0.008,0.007,0.008,0.007,0.007,0.002
23,200,0.5,0.25,2,0,Mix % (take failure into account),0.0126,0.0126,0.114,0.0947,0.2262,0.0264,0.0264,0.0306,0.1015,0.0306,0.1127,0.0264,0.0306,0.0432,0.0126,0.0306,0.0126,0.0126,0.0431
24,200,0.5,0.25,2,1,Avg (sec),0.001,0.001,0.001,0.001,3.817,2.627,0.007,0.022,0.002,0.015,0.015,0.022,0.024,0.025,0.003,0.001,0.005,0.001,0.002
24,200,0.5,0.25,2,1,SD (sec),0.028,0.002,0.013,0.001,5.188,4.072,0.001,0.002,0.001,0.028,0.028,0.012,0.023,0.008,0.007,0.001,0.001,0.017,0.022
24,200,0.5,0.25,2,1,Mix % (take failure into account),0.001,0.0026,0.094,0.1147,0.2062,0.0264,0.0364,0.0406,0.1215,0.0406,0.1227,0.0264,0.0106,0.0432,0.001,0.0106,0.0126,0.0126,0.0631
25,250,0.5,0.5,1,0,Avg (sec),0.055,0.002,0.425,0.432,0.32,0.507,0.057,0.002,0.002,0.419,0.211,0.002,0.428,0.426,0.003,0.415,0.216,0.206,0.002
25,250,0.5,0.5,1,0,SD (sec),0.213,0.004,0.493,0.494,0.464,0.615,0.218,0.003,0.004,0.492,0.403,0.005,0.494,0.493,0.008,0.491,0.407,0.4,0.004
25,250,0.5,0.5,1,0,Mix % (take failure into account),0.0131,0.0131,0.113,0.0958,0.2261,0.0262,0.0262,0.0303,0.0999,0.0303,0.113,0.0262,0.0303,0.0434,0.0131,0.0303,0.0131,0.0131,0.0434
26,250,0.5,0.5,1,1,Avg (sec),0.035,0.002,0.415,0.432,0.34,0.527,0.037,0.001,0.022,0.419,0.211,0.012,0.438,0.426,0.013,0.405,0.206,0.216,0.012
26,250,0.5,0.5,1,1,SD (sec),0.193,0.004,0.473,0.484,0.464,0.625,0.208,0.013,0.001,0.512,0.403,0.001,0.484,0.513,0.028,0.491,0.387,0.42,0.001
26,250,0.5,0.5,1,1,Mix % (take failure into account),0.0131,0.0231,0.123,0.1058,0.2161,0.0462,0.0362,0.0103,0.0999,0.0103,0.113,0.0162,0.0103,0.0334,0.0031,0.0103,0.0231,0.0031,0.0334
27,150,0.5,0.5,4,0,Avg (sec),0.012,0.002,0.065,0.068,0.051,0.08,0.011,0.002,0.002,0.065,0.029,0.002,0.061,0.062,0.003,0.067,0.028,0.029,0.002
27,150,0.5,0.5,4,0,SD (sec),0.069,0.002,0.24,0.243,0.204,0.262,0.06,0.002,0.002,0.238,0.153,0.002,0.232,0.231,0.007,0.24,0.148,0.151,0.002
27,150,0.5,0.5,4,0,Mix % (take failure into account),0.013,0.0129,0.1133,0.0955,0.2262,0.0262,0.0262,0.0304,0.1003,0.0304,0.1129,0.0262,0.0304,0.0433,0.0129,0.0304,0.0129,0.0129,0.0433
28,150,0.5,0.5,4,1,Avg (sec),0.002,0.001,0.045,0.078,0.051,0.08,0.031,0.001,0.012,0.055,0.019,0.001,0.041,0.052,0.001,0.067,0.038,0.039,0.012
28,150,0.5,0.5,4,1,SD (sec),0.059,0.001,0.26,0.223,0.194,0.242,0.04,0.022,0.001,0.218,0.163,0.012,0.252,0.211,0.001,0.25,0.128,0.131,0.022
28,150,0.5,0.5,4,1,Mix % (take failure into account),0.001,0.0329,0.1333,0.1055,0.2462,0.0262,0.0462,0.0404,0.1003,0.0404,0.1029,0.0262,0.0204,0.0633,0.001,0.0204,0.0329,0.0229,0.0233
29,200,0.5,0.5,2,0,Avg (sec),0.061,0.002,0.421,0.425,0.314,0.515,0.053,0.002,0.002,0.426,0.205,0.002,0.421,0.414,0.003,0.425,0.193,0.202,0.002
29,200,0.5,0.5,2,0,SD (sec),0.226,0.002,0.493,0.493,0.461,0.612,0.21,0.002,0.002,0.493,0.4,0.002,0.493,0.491,0.008,0.493,0.391,0.398,0.002
29,200,0.5,0.5,2,0,Mix % (take failure into account),0.0129,0.013,0.113,0.0954,0.2262,0.0258,0.0258,0.0307,0.1,0.0307,0.1131,0.0259,0.0307,0.0437,0.013,0.0307,0.013,0.013,0.0436
30,200,0.5,0.5,2,1,Avg (sec),0.061,0.012,0.411,0.435,0.334,0.525,0.063,0.022,0.002,0.446,0.205,0.001,0.411,0.424,0.001,0.445,0.213,0.192,0.022
30,200,0.5,0.5,2,1,SD (sec),0.246,0.001,0.503,0.513,0.471,0.622,0.22,0.022,0.002,0.483,0.38,0.022,0.513,0.501,0.001,0.473,0.391,0.398,0.002
30,200,0.5,0.5,2,1,Mix % (take failure into account),0.001,0.013,0.123,0.0854,0.2062,0.0158,0.0358,0.0207,0.1,0.0107,0.0931,0.0259,0.0107,0.0337,0.003,0.0307,0.013,0.003,0.0536
31,150,1,0.25,2,0,Avg (sec),0.011,0.002,0.06,0.062,0.065,0.091,0.01,0.002,0.002,0.056,0.026,0.002,0.057,0.063,0.003,0.064,0.027,0.029,0.002
31,150,1,0.25,2,0,SD (sec),0.06,0.002,0.229,0.232,0.235,0.276,0.059,0.002,0.002,0.22,0.143,0.002,0.223,0.233,0.008,0.235,0.145,0.151,0.002
31,150,1,0.25,2,0,Mix % (take failure into account),0.0129,0.0129,0.1133,0.0955,0.2262,0.0262,0.0263,0.0304,0.1004,0.0304,0.113,0.0263,0.0304,0.0433,0.0129,0.0304,0.0129,0.0129,0.0433
32,150,1,0.25,2,1,Avg (sec),0.011,0.012,0.08,0.052,0.085,0.091,0.001,0.022,0.002,0.036,0.016,0.001,0.077,0.043,0.003,0.084,0.017,0.029,0.001
32,150,1,0.25,2,1,SD (sec),0.04,0.022,0.239,0.252,0.255,0.256,0.079,0.012,0.001,0.23,0.153,0.022,0.203,0.233,0.018,0.235,0.135,0.141,0.001
32,150,1,0.25,2,1,Mix % (take failure into account),0.001,0.001,0.1133,0.0855,0.2062,0.0162,0.0463,0.0204,0.0904,0.0204,0.133,0.0263,0.0404,0.0433,0.0229,0.0504,0.0329,0.0129,0.0533
33,50,1,0.25,2,0,Avg (sec),0.008,0.001,0.004,0.005,0.019,0.03,0.008,0.001,0.001,0.004,0.005,0.001,0.004,0.005,0.003,0.005,0.005,0.005,0.001
33,50,1,0.25,2,0,SD (sec),0.008,0.001,0.001,0.007,0.028,0.034,0.008,0.001,0.001,0.007,0.008,0.001,0.002,0.008,0.008,0.008,0.006,0.007,0.001
33,50,1,0.25,2,0,Mix % (take failure into account),0.0132,0.0132,0.1128,0.096,0.2259,0.0261,0.0261,0.0303,0.0996,0.0304,0.1131,0.0261,0.0303,0.0435,0.0132,0.0303,0.0132,0.0132,0.0436
34,50,1,0.25,2,1,Avg (sec),0.028,0.001,0.024,0.025,0.009,0.05,0.028,0.021,0.001,0.001,0.001,0.001,0.004,0.025,0.001,0.005,0.001,0.015,0.001
34,50,1,0.25,2,1,SD (sec),0.018,0.011,0.011,0.001,0.008,0.044,0.001,0.001,0.001,0.017,0.001,0.001,0.001,0.001,0.008,0.001,0.001,0.001,0.001
34,50,1,0.25,2,1,Mix % (take failure into account),0.0032,0.001,0.1128,0.086,0.2459,0.0261,0.0261,0.0103,0.0896,0.0404,0.0931,0.0061,0.0503,0.0335,0.0332,0.0403,0.001,0.001,0.0436
35,50,0.5,0.25,2,0,Avg (sec),0.008,0.001,0.004,0.005,0.019,0.03,0.007,0.001,0.001,0.004,0.005,0.001,0.004,0.005,0.003,0.005,0.005,0.005,0.001
35,50,0.5,0.25,2,0,SD (sec),0.008,0.001,0.002,0.008,0.057,0.044,0.007,0.001,0.001,0.007,0.007,0.001,0.001,0.007,0.007,0.008,0.007,0.007,0.001
35,50,0.5,0.25,2,0,Mix % (take failure into account),0.0131,0.0132,0.113,0.0958,0.226,0.0263,0.0262,0.0302,0.0999,0.0303,0.113,0.0262,0.0302,0.0434,0.0132,0.0302,0.0132,0.0132,0.0434
36,50,0.5,0.25,2,1,Avg (sec),0.001,0.001,0.001,0.001,0.009,0.01,0.001,0.021,0.001,0.014,0.015,0.001,0.004,0.001,0.001,0.005,0.005,0.001,0.001
36,50,0.5,0.25,2,1,SD (sec),0.001,0.001,0.002,0.001,0.067,0.054,0.001,0.001,0.011,0.017,0.017,0.021,0.021,0.017,0.001,0.001,0.001,0.001,0.001
36,50,0.5,0.25,2,1,Mix % (take failure into account),0.001,0.0032,0.093,0.0858,0.206,0.0263,0.0062,0.0102,0.0799,0.0503,0.103,0.0362,0.0202,0.0434,0.001,0.0502,0.0332,0.0232,0.0534
37,150,0.5,0.5,2,0,Avg (sec),0.014,0.002,0.065,0.069,0.049,0.071,0.014,0.002,0.002,0.068,0.028,0.002,0.063,0.069,0.003,0.066,0.03,0.026,0.002
37,150,0.5,0.5,2,0,SD (sec),0.08,0.002,0.239,0.244,0.2,0.245,0.083,0.002,0.002,0.243,0.147,0.002,0.236,0.243,0.007,0.238,0.156,0.143,0.002
37,150,0.5,0.5,2,0,Mix % (take failure into account),0.013,0.013,0.113,0.0956,0.2261,0.0259,0.026,0.0305,0.1,0.0305,0.1131,0.026,0.0305,0.0435,0.013,0.0305,0.013,0.013,0.0435
38,150,0.5,0.5,2,1,Avg (sec),0.004,0.001,0.065,0.089,0.059,0.081,0.001,0.012,0.012,0.078,0.048,0.012,0.073,0.069,0.003,0.086,0.03,0.016,0.002
38,150,0.5,0.5,2,1,SD (sec),0.07,0.001,0.229,0.264,0.21,0.235,0.073,0.012,0.001,0.253,0.157,0.012,0.216,0.243,0.017,0.218,0.156,0.163,0.001
38,150,0.5,0.5,2,1,Mix % (take failure into account),0.001,0.001,0.133,0.0956,0.2361,0.0059,0.046,0.0105,0.12,0.0205,0.0931,0.026,0.0305,0.0235,0.033,0.0305,0.001,0.013,0.0535
39,100,1,0.25,2,0,Avg (sec),0.007,0.002,0.004,0.005,0.024,0.027,0.007,0.002,0.001,0.005,0.005,0.002,0.004,0.005,0.003,0.005,0.005,0.005,0.001
39,100,1,0.25,2,0,SD (sec),0.007,0.002,0.002,0.008,0.068,0.07,0.008,0.002,0.002,0.008,0.008,0.002,0.003,0.007,0.008,0.008,0.008,0.007,0.002
39,100,1,0.25,2,0,Mix % (take failure into account),0.0129,0.0129,0.113,0.0953,0.2262,0.0259,0.0259,0.0307,0.1001,0.0307,0.1131,0.0259,0.0307,0.0436,0.0129,0.0307,0.0129,0.0129,0.0436
40,100,1,0.25,2,1,Avg (sec),0.001,0.012,0.024,0.001,0.044,0.017,0.027,0.002,0.021,0.001,0.025,0.022,0.024,0.001,0.003,0.015,0.025,0.001,0.021
40,100,1,0.25,2,1,SD (sec),0.001,0.001,0.012,0.028,0.058,0.07,0.001,0.001,0.002,0.028,0.001,0.001,0.001,0.017,0.008,0.018,0.028,0.017,0.001
40,100,1,0.25,2,1,Mix % (take failure into account),0.001,0.0029,0.103,0.1053,0.2362,0.0259,0.0259,0.0407,0.1101,0.0107,0.1031,0.0159,0.0207,0.0636,0.001,0.0407,0.0129,0.0229,0.0436
41,100,0.5,0.5,4,0,Avg (sec),0.007,0.002,0.004,0.005,0.009,0.016,0.007,0.001,0.001,0.005,0.005,0.001,0.004,0.005,0.003,0.005,0.005,0.005,0.001
41,100,0.5,0.5,4,0,SD (sec),0.007,0.001,0.002,0.008,0.015,0.017,0.008,0.002,0.002,0.007,0.008,0.002,0.002,0.008,0.007,0.008,0.008,0.008,0.002
41,100,0.5,0.5,4,0,Mix % (take failure into account),0.0131,0.0131,0.1129,0.0958,0.226,0.026,0.026,0.0304,0.0997,0.0305,0.1131,0.026,0.0305,0.0436,0.0131,0.0304,0.0131,0.0131,0.0436
42,100,0.5,0.5,4,1,Avg (sec),0.007,0.012,0.024,0.015,0.001,0.006,0.007,0.001,0.001,0.005,0.025,0.011,0.001,0.005,0.023,0.001,0.025,0.005,0.011
42,100,0.5,0.5,4,1,SD (sec),0.001,0.001,0.001,0.028,0.035,0.017,0.028,0.002,0.001,0.001,0.018,0.012,0.001,0.008,0.007,0.018,0.008,0.018,0.022
42,100,0.5,0.5,4,1,Mix % (take failure into account),0.0331,0.001,0.1329,0.0858,0.206,0.036,0.046,0.0504,0.0997,0.0205,0.1131,0.006,0.0505,0.0236,0.001,0.0104,0.0131,0.0131,0.0536
43,200,0.5,0.25,1,0,Avg (sec),0.049,0.002,0.413,0.41,0.344,0.53,0.055,0.002,0.002,0.408,0.2,0.002,0.415,0.412,0.003,0.413,0.201,0.198,0.002
43,200,0.5,0.25,1,0,SD (sec),0.201,0.002,0.491,0.491,0.507,0.624,0.213,0.002,0.002,0.49,0.396,0.002,0.491,0.491,0.007,0.491,0.396,0.394,0.002
43,200,0.5,0.25,1,0,Mix % (take failure into account),0.013,0.0131,0.1131,0.0956,0.2261,0.0262,0.0262,0.0304,0.1001,0.0304,0.113,0.0262,0.0304,0.0435,0.013,0.0304,0.013,0.0131,0.0434
44,200,0.5,0.25,1,1,Avg (sec),0.029,0.002,0.413,0.39,0.324,0.53,0.035,0.002,0.002,0.388,0.2,0.022,0.405,0.432,0.001,0.433,0.191,0.198,0.001
44,200,0.5,0.25,1,1,SD (sec),0.211,0.001,0.481,0.481,0.517,0.624,0.193,0.001,0.012,0.5,0.376,0.012,0.511,0.511,0.007,0.511,0.386,0.414,0.022
44,200,0.5,0.25,1,1,Mix % (take failure into account),0.003,0.0231,0.1331,0.0956,0.2361,0.0062,0.0262,0.0304,0.1001,0.0504,0.123,0.0162,0.0204,0.0635,0.023,0.0304,0.003,0.0231,0.0634
45,200,1,0.25,4,0,Avg (sec),0.055,0.002,0.4,0.408,0.39,0.572,0.055,0.002,0.002,0.406,0.194,0.002,0.405,0.4,0.003,0.411,0.191,0.197,0.002
45,200,1,0.25,4,0,SD (sec),0.211,0.002,0.489,0.49,1.15,1.076,0.214,0.003,0.003,0.49,0.391,0.003,0.49,0.488,0.007,0.49,0.388,0.393,0.003
45,200,1,0.25,4,0,Mix % (take failure into account),0.0131,0.013,0.1129,0.0956,0.226,0.026,0.026,0.0305,0.0999,0.0305,0.1131,0.026,0.0305,0.0435,0.013,0.0305,0.013,0.013,0.0436
46,200,1,0.25,4,1,Avg (sec),0.045,0.002,0.38,0.408,0.38,0.552,0.045,0.001,0.001,0.406,0.184,0.012,0.385,0.4,0.001,0.431,0.171,0.177,0.002
46,200,1,0.25,4,1,SD (sec),0.191,0.022,0.479,0.5,1.16,1.066,0.194,0.003,0.003,0.48,0.371,0.013,0.51,0.498,0.001,0.51,0.408,0.373,0.001
46,200,1,0.25,4,1,Mix % (take failure into account),0.0231,0.001,0.1029,0.0956,0.236,0.016,0.046,0.0505,0.0899,0.0105,0.0931,0.016,0.0205,0.0335,0.013,0.0405,0.033,0.013,0.0436
47,300,1,0.5,4,0,Avg (sec),0.051,0.002,0.431,0.431,0.322,0.519,0.055,0.003,0.002,0.433,0.21,0.002,0.429,0.432,0.003,0.434,0.217,0.209,0.002
47,300,1,0.5,4,0,SD (sec),0.204,0.006,0.495,0.494,0.464,0.611,0.212,0.008,0.008,0.495,0.403,0.008,0.494,0.495,0.008,0.496,0.407,0.402,0.008
47,300,1,0.5,4,0,Mix % (take failure into account),0.0129,0.0129,0.1134,0.0954,0.2263,0.0264,0.0263,0.0304,0.1005,0.0304,0.1128,0.0263,0.0304,0.0433,0.0129,0.0303,0.0129,0.0129,0.0433
48,300,1,0.5,4,1,Avg (sec),0.071,0.001,0.411,0.441,0.312,0.499,0.045,0.001,0.022,0.443,0.21,0.022,0.429,0.432,0.003,0.424,0.197,0.229,0.012
48,300,1,0.5,4,1,SD (sec),0.224,0.001,0.515,0.474,0.474,0.601,0.192,0.018,0.008,0.515,0.393,0.018,0.494,0.495,0.008,0.516,0.397,0.402,0.008
48,300,1,0.5,4,1,Mix % (take failure into account),0.001,0.0129,0.1234,0.1154,0.2463,0.0064,0.0163,0.0404,0.0805,0.0504,0.1028,0.0463,0.0104,0.0333,0.001,0.0103,0.0329,0.0229,0.0233
49,300,1,0.25,2,0,Avg (sec),0.007,0.002,0.014,0.017,22.757,14.163,0.008,0.001,0.001,0.017,0.008,0.001,0.017,0.015,0.003,0.015,0.007,0.01,0.001
49,300,1,0.25,2,0,SD (sec),0.008,0.001,0.099,0.108,26.82,18.038,0.023,0.001,0.001,0.109,0.051,0.002,0.114,0.1,0.007,0.098,0.043,0.068,0.001
49,300,1,0.25,2,0,Mix % (take failure into account),0.0131,0.0132,0.113,0.0959,0.2244,0.0255,0.0257,0.0306,0.0997,0.0307,0.1136,0.0257,0.0307,0.0439,0.0131,0.0306,0.0133,0.0132,0.0439
50,300,1,0.25,2,1,Avg (sec),0.007,0.022,0.024,0.027,22.737,14.183,0.028,0.021,0.001,0.017,0.001,0.001,0.001,0.015,0.001,0.001,0.017,0.001,0.011
50,300,1,0.25,2,1,SD (sec),0.028,0.001,0.109,0.118,26.82,18.058,0.023,0.021,0.021,0.089,0.071,0.001,0.124,0.08,0.001,0.098,0.053,0.088,0.001
50,300,1,0.25,2,1,Mix % (take failure into account),0.0331,0.001,0.133,0.0859,0.2444,0.0455,0.0357,0.0106,0.0997,0.0507,0.1136,0.0157,0.0307,0.0339,0.0331,0.0106,0.0233,0.0032,0.0339
51,300,0.5,0.5,4,0,Avg (sec),0.054,0.002,0.431,0.433,0.319,0.523,0.056,0.002,0.002,0.428,0.212,0.002,0.436,0.439,0.003,0.434,0.211,0.212,0.002
51,300,0.5,0.5,4,0,SD (sec),0.209,0.009,0.495,0.494,0.463,0.617,0.214,0.013,0.01,0.494,0.404,0.016,0.495,0.496,0.01,0.495,0.403,0.404,0.007
51,300,0.5,0.5,4,0,Mix % (take failure into account),0.0131,0.0131,0.1127,0.0958,0.2259,0.0258,0.0258,0.0305,0.0996,0.0305,0.1133,0.0258,0.0306,0.0437,0.0132,0.0305,0.0132,0.0132,0.0437
52,300,0.5,0.5,4,1,Avg (sec),0.034,0.012,0.431,0.413,0.299,0.533,0.066,0.001,0.002,0.408,0.212,0.002,0.446,0.449,0.001,0.454,0.211,0.232,0.001
52,300,0.5,0.5,4,1,SD (sec),0.199,0.019,0.515,0.484,0.443,0.617,0.224,0.001,0.03,0.474,0.424,0.026,0.475,0.486,0.01,0.495,0.423,0.424,0.017
52,300,0.5,0.5,4,1,Mix % (take failure into account),0.0231,0.0131,0.1227,0.1158,0.2359,0.0158,0.0058,0.0305,0.0996,0.0505,0.0933,0.0058,0.0306,0.0637,0.001,0.0505,0.0332,0.0032,0.0637
53,50,0.5,0.25,4,0,Avg (sec),0.008,0.001,0.004,0.005,0.021,0.065,0.008,0.001,0.001,0.005,0.005,0.001,0.004,0.005,0.003,0.006,0.005,0.005,0.002
53,50,0.5,0.25,4,0,SD (sec),0.016,0.002,0.01,0.014,0.132,0.265,0.008,0.001,0.001,0.011,0.007,0.004,0.002,0.011,0.008,0.018,0.009,0.009,0.007
53,50,0.5,0.25,4,0,Mix % (take failure into account),0.0133,0.0133,0.113,0.0964,0.2258,0.0266,0.0267,0.0299,0.0998,0.0298,0.113,0.0267,0.0299,0.0431,0.0133,0.0299,0.0133,0.0133,0.0432
54,50,0.5,0.25,4,1,Avg (sec),0.028,0.021,0.001,0.001,0.021,0.055,0.001,0.001,0.011,0.015,0.001,0.001,0.001,0.001,0.023,0.016,0.025,0.025,0.001
54,50,0.5,0.25,4,1,SD (sec),0.026,0.001,0.01,0.004,0.122,0.245,0.001,0.011,0.001,0.021,0.001,0.024,0.022,0.011,0.018,0.001,0.001,0.001,0.001
54,50,0.5,0.25,4,1,Mix % (take failure into account),0.0333,0.0333,0.103,0.1064,0.2058,0.0066,0.0267,0.0099,0.0898,0.0398,0.093,0.0167,0.0299,0.0431,0.0333,0.0299,0.001,0.0133,0.0332
55,50,1,0.5,2,0,Avg (sec),0.007,0.001,0.004,0.005,0.008,0.015,0.008,0.001,0.001,0.004,0.005,0.001,0.004,0.005,0.003,0.005,0.005,0.005,0.001
55,50,1,0.5,2,0,SD (sec),0.007,0.001,0.001,0.007,0.014,0.016,0.008,0.001,0.001,0.007,0.007,0.001,0.002,0.007,0.007,0.007,0.007,0.008,0.001
55,50,1,0.5,2,0,Mix % (take failure into account),0.0134,0.0134,0.1124,0.0965,0.2257,0.0261,0.026,0.0302,0.0991,0.0301,0.1132,0.0261,0.0301,0.0436,0.0134,0.0301,0.0134,0.0134,0.0436
56,50,1,0.5,2,1,Avg (sec),0.007,0.021,0.001,0.025,0.028,0.025,0.008,0.001,0.001,0.014,0.025,0.001,0.004,0.005,0.001,0.001,0.005,0.001,0.001
56,50,1,0.5,2,1,SD (sec),0.027,0.021,0.001,0.017,0.004,0.016,0.001,0.021,0.011,0.007,0.001,0.011,0.022,0.001,0.001,0.001,0.027,0.018,0.011
56,50,1,0.5,2,1,Mix % (take failure into account),0.0134,0.0234,0.0924,0.0965,0.2357,0.0261,0.006,0.0102,0.1091,0.0501,0.1132,0.0461,0.0101,0.0236,0.0034,0.0301,0.0034,0.0034,0.0236
57,150,1,0.5,1,0,Avg (sec),0.011,0.002,0.069,0.071,0.051,0.079,0.01,0.002,0.002,0.07,0.029,0.001,0.065,0.071,0.003,0.072,0.028,0.033,0.001
57,150,1,0.5,1,0,SD (sec),0.064,0.002,0.247,0.248,0.207,0.269,0.06,0.002,0.002,0.246,0.153,0.002,0.239,0.247,0.008,0.25,0.149,0.163,0.002
57,150,1,0.5,1,0,Mix % (take failure into account),0.0131,0.0131,0.1129,0.0958,0.226,0.0261,0.0261,0.0304,0.0998,0.0304,0.1131,0.026,0.0304,0.0435,0.0131,0.0304,0.0131,0.0131,0.0436
58,150,1,0.5,1,1,Avg (sec),0.021,0.001,0.059,0.051,0.031,0.069,0.03,0.002,0.022,0.07,0.029,0.001,0.045,0.071,0.023,0.092,0.038,0.043,0.021
58,150,1,0.5,1,1,SD (sec),0.064,0.012,0.237,0.248,0.197,0.259,0.06,0.012,0.012,0.236,0.163,0.002,0.259,0.227,0.008,0.25,0.169,0.163,0.001
58,150,1,0.5,1,1,Mix % (take failure into account),0.001,0.0131,0.1229,0.0758,0.216,0.0261,0.0061,0.0204,0.1198,0.0204,0.1231,0.046,0.0204,0.0335,0.0031,0.0104,0.0031,0.001,0.0536
59,100,1,0.5,1,0,Avg (sec),0.007,0.002,0.004,0.005,0.007,0.012,0.007,0.001,0.001,0.004,0.005,0.001,0.004,0.005,0.003,0.005,0.005,0.005,0.001
59,100,1,0.5,1,0,SD (sec),0.008,0.002,0.002,0.008,0.011,0.013,0.008,0.002,0.002,0.007,0.008,0.002,0.002,0.007,0.007,0.008,0.008,0.007,0.001
59,100,1,0.5,1,0,Mix % (take failure into account),0.0131,0.0131,0.113,0.0958,0.226,0.0261,0.026,0.0304,0.0998,0.0304,0.113,0.026,0.0304,0.0435,0.0132,0.0304,0.0131,0.0131,0.0435
60,100,1,0.5,1,1,Avg (sec),0.017,0.001,0.001,0.001,0.017,0.002,0.007,0.001,0.011,0.004,0.015,0.001,0.004,0.015,0.023,0.005,0.015,0.001,0.011
60,100,1,0.5,1,1,SD (sec),0.028,0.002,0.012,0.028,0.001,0.013,0.008,0.002,0.001,0.007,0.028,0.001,0.012,0.027,0.007,0.008,0.018,0.001,0.001
60,100,1,0.5,1,1,Mix % (take failure into account),0.0331,0.0031,0.093,0.0858,0.236,0.0261,0.006,0.0204,0.0998,0.0104,0.103,0.006,0.0504,0.0635,0.0332,0.0404,0.0031,0.0231,0.0235
61,250,1,0.5,1,0,Avg (sec),0.06,0.002,0.427,0.431,0.316,0.518,0.054,0.002,0.002,0.425,0.205,0.002,0.422,0.43,0.003,0.423,0.206,0.2,0.002
61,250,1,0.5,1,0,SD (sec),0.223,0.004,0.494,0.494,0.462,0.612,0.212,0.004,0.004,0.493,0.399,0.003,0.493,0.494,0.008,0.493,0.4,0.395,0.004
61,250,1,0.5,1,0,Mix % (take failure into account),0.0132,0.0132,0.1127,0.096,0.2259,0.026,0.0259,0.0304,0.0995,0.0304,0.1132,0.0259,0.0304,0.0436,0.0132,0.0304,0.0132,0.0132,0.0436
62,250,1,0.5,1,1,Avg (sec),0.05,0.022,0.427,0.441,0.316,0.528,0.064,0.002,0.001,0.425,0.215,0.012,0.412,0.43,0.001,0.403,0.206,0.22,0.001
62,250,1,0.5,1,1,SD (sec),0.203,0.001,0.484,0.494,0.442,0.602,0.222,0.024,0.001,0.493,0.409,0.001,0.493,0.494,0.008,0.513,0.4,0.375,0.004
62,250,1,0.5,1,1,Mix % (take failure into account),0.0132,0.0132,0.0927,0.116,0.2259,0.006,0.0159,0.0404,0.1195,0.0204,0.1332,0.0059,0.0404,0.0636,0.0032,0.0404,0.0232,0.0332,0.0436
63,50,1,0.25,1,0,Avg (sec),0.007,0.001,0.004,0.005,0.009,0.022,0.008,0.001,0.001,0.004,0.005,0.001,0.004,0.005,0.003,0.005,0.004,0.005,0.001
63,50,1,0.25,1,0,SD (sec),0.007,0.001,0.002,0.007,0.015,0.026,0.008,0.001,0.001,0.007,0.007,0.001,0.002,0.007,0.008,0.008,0.006,0.007,0.001
63,50,1,0.25,1,0,Mix % (take failure into account),0.0128,0.0128,0.1134,0.0952,0.2263,0.0261,0.0261,0.0305,0.1006,0.0306,0.1129,0.0261,0.0306,0.0435,0.0128,0.0306,0.0128,0.0128,0.0434
64,50,1,0.25,1,1,Avg (sec),0.001,0.001,0.001,0.025,0.001,0.022,0.001,0.021,0.011,0.024,0.001,0.021,0.004,0.001,0.001,0.001,0.001,0.015,0.021
64,50,1,0.25,1,1,SD (sec),0.001,0.011,0.001,0.001,0.001,0.026,0.001,0.001,0.001,0.007,0.001,0.001,0.012,0.001,0.008,0.001,0.026,0.017,0.011
64,50,1,0.25,1,1,Mix % (take failure into account),0.001,0.0228,0.1034,0.0752,0.2363,0.0361,0.0461,0.0305,0.1206,0.0406,0.1229,0.0361,0.0306,0.0535,0.0128,0.0106,0.001,0.0328,0.0334
65,300,1,0.5,1,0,Avg (sec),0.054,0.002,0.429,0.427,0.32,0.521,0.053,0.002,0.002,0.429,0.211,0.002,0.424,0.431,0.003,0.428,0.214,0.207,0.002
65,300,1,0.5,1,0,SD (sec),0.209,0.006,0.494,0.493,0.463,0.614,0.208,0.005,0.005,0.494,0.403,0.005,0.493,0.494,0.008,0.494,0.406,0.4,0.006
65,300,1,0.5,1,0,Mix % (take failure into account),0.013,0.013,0.1131,0.0956,0.2261,0.0262,0.0262,0.0304,0.1001,0.0304,0.113,0.0262,0.0304,0.0434,0.013,0.0304,0.013,0.013,0.0434
66,300,1,0.5,1,1,Avg (sec),0.054,0.001,0.419,0.417,0.31,0.511,0.063,0.012,0.022,0.409,0.191,0.001,0.424,0.421,0.023,0.418,0.204,0.197,0.012
66,300,1,0.5,1,1,SD (sec),0.229,0.001,0.484,0.513,0.483,0.624,0.208,0.001,0.005,0.494,0.423,0.001,0.513,0.474,0.001,0.474,0.416,0.38,0.016
66,300,1,0.5,1,1,Mix % (take failure into account),0.023,0.013,0.1331,0.0856,0.2261,0.0462,0.0262,0.0404,0.0901,0.0404,0.113,0.0362,0.0204,0.0534,0.013,0.0504,0.033,0.033,0.0534
67,100,1,0.25,4,0,Avg (sec),0.008,0.002,0.004,0.005,0.046,0.063,0.007,0.002,0.002,0.005,0.005,0.001,0.004,0.005,0.003,0.005,0.005,0.005,0.002
67,100,1,0.25,4,0,SD (sec),0.008,0.002,0.002,0.008,0.47,0.492,0.008,0.002,0.002,0.007,0.007,0.001,0.003,0.008,0.008,0.008,0.008,0.008,0.002
67,100,1,0.25,4,0,Mix % (take failure into account),0.013,0.013,0.1132,0.0957,0.2261,0.0263,0.0263,0.0303,0.1001,0.0303,0.113,0.0263,0.0303,0.0433,0.013,0.0303,0.013,0.013,0.0433
68,100,1,0.25,4,1,Avg (sec),0.028,0.022,0.001,0.001,0.066,0.063,0.007,0.012,0.022,0.025,0.001,0.001,0.014,0.001,0.001,0.005,0.001,0.001,0.002
68,100,1,0.25,4,1,SD (sec),0.001,0.012,0.012,0.001,0.47,0.502,0.001,0.012,0.002,0.001,0.001,0.001,0.023,0.001,0.018,0.008,0.008,0.028,0.001
68,100,1,0.25,4,1,Mix % (take failure into account),0.003,0.013,0.1332,0.1157,0.2061,0.0263,0.0363,0.0303,0.0801,0.0103,0.123,0.0063,0.0203,0.0333,0.033,0.0203,0.023,0.003,0.0233
69,250,0.5,0.25,2,0,Avg (sec),0.007,0.002,0.004,0.005,5.109,3.632,0.007,0.002,0.002,0.005,0.005,0.002,0.004,0.005,0.003,0.005,0.006,0.005,0.002
69,250,0.5,0.25,2,0,SD (sec),0.007,0.001,0.003,0.008,6.853,5.5,0.008,0.002,0.002,0.008,0.008,0.002,0.003,0.008,0.008,0.008,0.008,0.008,0.002
69,250,0.5,0.25,2,0,Mix % (take failure into account),0.013,0.013,0.1132,0.0956,0.2255,0.0261,0.0262,0.0305,0.1003,0.0305,0.1131,0.0262,0.0305,0.0434,0.013,0.0305,0.013,0.013,0.0434
70,250,0.5,0.25,2,1,Avg (sec),0.017,0.001,0.001,0.015,5.089,3.622,0.027,0.001,0.012,0.025,0.001,0.002,0.024,0.025,0.023,0.001,0.001,0.015,0.022
70,250,0.5,0.25,2,1,SD (sec),0.007,0.001,0.003,0.008,6.853,5.51,0.001,0.001,0.002,0.008,0.008,0.012,0.001,0.018,0.008,0.008,0.008,0.001,0.001
70,250,0.5,0.25,2,1,Mix % (take failure into account),0.033,0.003,0.0932,0.0756,0.2155,0.0361,0.0262,0.0105,0.1103,0.0205,0.1231,0.0262,0.0205,0.0534,0.003,0.0105,0.001,0.023,0.0334
71,250,1,0.5,4,0,Avg (sec),0.054,0.002,0.427,0.431,0.322,0.522,0.054,0.002,0.002,0.436,0.21,0.002,0.428,0.427,0.003,0.438,0.211,0.21,0.002
71,250,1,0.5,4,0,SD (sec),0.21,0.004,0.494,0.494,0.464,0.611,0.21,0.004,0.004,0.495,0.403,0.004,0.494,0.493,0.007,0.495,0.403,0.403,0.003
71,250,1,0.5,4,0,Mix % (take failure into account),0.013,0.013,0.1132,0.0956,0.2261,0.0262,0.0262,0.0303,0.1002,0.0303,0.113,0.0262,0.0303,0.0434,0.013,0.0303,0.013,0.013,0.0434
72,250,1,0.5,4,1,Avg (sec),0.064,0.012,0.427,0.441,0.342,0.542,0.034,0.002,0.022,0.416,0.22,0.012,0.448,0.407,0.003,0.448,0.221,0.23,0.012
72,250,1,0.5,4,1,SD (sec),0.19,0.024,0.514,0.514,0.474,0.591,0.2,0.001,0.024,0.505,0.383,0.024,0.504,0.513,0.007,0.475,0.383,0.403,0.001
72,250,1,0.5,4,1,Mix % (take failure into account),0.023,0.003,0.1132,0.1156,0.2261,0.0462,0.0062,0.0103,0.1002,0.0203,0.113,0.0362,0.0303,0.0534,0.033,0.0403,0.023,0.023,0.0634
73,200,1,0.5,2,0,Avg (sec),0.051,0.002,0.419,0.428,0.313,0.503,0.052,0.002,0.002,0.417,0.203,0.002,0.422,0.43,0.003,0.421,0.21,0.203,0.002
73,200,1,0.5,2,0,SD (sec),0.205,0.002,0.492,0.494,0.461,0.613,0.208,0.002,0.002,0.492,0.398,0.002,0.493,0.494,0.008,0.492,0.403,0.398,0.002
73,200,1,0.5,2,0,Mix % (take failure into account),0.0131,0.0131,0.1128,0.0957,0.226,0.0258,0.0259,0.0306,0.0997,0.0306,0.1131,0.0258,0.0306,0.0436,0.0131,0.0306,0.0131,0.0131,0.0436
74,200,1,0.5,2,1,Avg (sec),0.051,0.001,0.399,0.418,0.323,0.513,0.072,0.012,0.001,0.417,0.193,0.001,0.402,0.45,0.001,0.431,0.19,0.193,0.012
74,200,1,0.5,2,1,SD (sec),0.215,0.001,0.512,0.474,0.451,0.593,0.208,0.022,0.001,0.492,0.398,0.001,0.493,0.474,0.018,0.472,0.423,0.418,0.022
74,200,1,0.5,2,1,Mix % (take failure into account),0.0031,0.0331,0.1228,0.0957,0.226,0.0058,0.0059,0.0106,0.0997,0.0106,0.1231,0.0358,0.0506,0.0536,0.0031,0.0206,0.0131,0.001,0.0636
75,300,0.5,0.5,1,0,Avg (sec),0.058,0.003,0.426,0.43,0.329,0.519,0.055,0.002,0.002,0.43,0.21,0.002,0.424,0.431,0.003,0.431,0.205,0.202,0.002
75,300,0.5,0.5,1,0,SD (sec),0.218,0.006,0.493,0.494,0.467,0.605,0.211,0.006,0.007,0.494,0.403,0.008,0.493,0.494,0.009,0.494,0.398,0.397,0.006
75,300,0.5,0.5,1,0,Mix % (take failure into account),0.0129,0.0129,0.1133,0.0953,0.2262,0.026,0.026,0.0307,0.1004,0.0306,0.113,0.026,0.0306,0.0435,0.0128,0.0307,0.0129,0.0129,0.0435
76,300,0.5,0.5,1,1,Avg (sec),0.048,0.001,0.446,0.45,0.349,0.539,0.045,0.002,0.002,0.42,0.22,0.002,0.444,0.441,0.023,0.441,0.185,0.222,0.001
76,300,0.5,0.5,1,1,SD (sec),0.238,0.001,0.483,0.474,0.467,0.625,0.211,0.016,0.001,0.504,0.393,0.028,0.493,0.494,0.001,0.474,0.378,0.387,0.016
76,300,0.5,0.5,1,1,Mix % (take failure into account),0.001,0.0129,0.1233,0.0753,0.2262,0.036,0.016,0.0207,0.1204,0.0406,0.113,0.036,0.0206,0.0335,0.0128,0.0207,0.0029,0.0329,0.0335
77,150,1,0.25,4,0,Avg (sec),0.01,0.002,0.029,0.031,0.277,0.18,0.009,0.002,0.002,0.029,0.014,0.002,0.028,0.028,0.003,0.031,0.013,0.013,0.002
77,150,1,0.25,4,0,SD (sec),0.053,0.002,0.154,0.156,1.467,1,0.042,0.002,0.002,0.152,0.089,0.002,0.152,0.146,0.007,0.156,0.085,0.084,0.002
77,150,1,0.25,4,0,Mix % (take failure into account),0.0131,0.0131,0.113,0.0957,0.2259,0.0262,0.0261,0.0304,0.1,0.0304,0.1131,0.0262,0.0304,0.0434,0.0131,0.0304,0.0131,0.0131,0.0434
78,150,1,0.25,4,1,Avg (sec),0.001,0.001,0.009,0.051,0.297,0.18,0.019,0.001,0.022,0.029,0.004,0.022,0.048,0.008,0.001,0.031,0.001,0.023,0.002
78,150,1,0.25,4,1,SD (sec),0.033,0.001,0.134,0.166,1.447,1,0.032,0.001,0.012,0.152,0.079,0.022,0.132,0.156,0.027,0.156,0.105,0.074,0.001
78,150,1,0.25,4,1,Mix % (take failure into account),0.0131,0.0231,0.103,0.0857,0.2359,0.0262,0.0361,0.0304,0.1,0.0504,0.1231,0.0462,0.0204,0.0434,0.0131,0.0504,0.0031,0.0031,0.0634
79,150,1,0.5,4,0,Avg (sec),0.011,0.002,0.066,0.065,0.048,0.077,0.011,0.002,0.002,0.065,0.027,0.002,0.067,0.064,0.003,0.066,0.03,0.03,0.002
79,150,1,0.5,4,0,SD (sec),0.062,0.002,0.24,0.237,0.195,0.258,0.063,0.002,0.002,0.237,0.146,0.002,0.242,0.235,0.008,0.237,0.153,0.155,0.002
79,150,1,0.5,4,0,Mix % (take failure into account),0.013,0.013,0.1132,0.0956,0.2262,0.0263,0.0263,0.0303,0.1002,0.0303,0.113,0.0263,0.0303,0.0434,0.013,0.0303,0.013,0.013,0.0434
80,150,1,0.5,4,1,Avg (sec),0.031,0.022,0.076,0.045,0.038,0.097,0.001,0.001,0.012,0.065,0.017,0.022,0.047,0.044,0.003,0.056,0.04,0.05,0.002
80,150,1,0.5,4,1,SD (sec),0.072,0.002,0.23,0.257,0.195,0.238,0.073,0.022,0.002,0.237,0.156,0.001,0.252,0.215,0.001,0.237,0.153,0.135,0.002
80,150,1,0.5,4,1,Mix % (take failure into account),0.001,0.003,0.1332,0.0856,0.2262,0.0363,0.0163,0.0103,0.1202,0.0103,0.113,0.0163,0.0303,0.0534,0.003,0.0303,0.003,0.013,0.0434
81,200,0.5,0.5,4,0,Avg (sec),0.052,0.002,0.417,0.424,0.314,0.514,0.053,0.002,0.002,0.417,0.205,0.002,0.424,0.419,0.003,0.439,0.21,0.195,0.002
81,200,0.5,0.5,4,0,SD (sec),0.207,0.002,0.492,0.493,0.461,0.609,0.208,0.002,0.002,0.492,0.4,0.002,0.493,0.492,0.007,0.495,0.403,0.392,0.002
81,200,0.5,0.5,4,0,Mix % (take failure into account),0.013,0.0131,0.1131,0.0957,0.2261,0.0261,0.0261,0.0304,0.1,0.0304,0.113,0.0261,0.0304,0.0435,0.0131,0.0304,0.0131,0.013,0.0435
82,200,0.5,0.5,4,1,Avg (sec),0.042,0.001,0.417,0.414,0.324,0.524,0.043,0.001,0.012,0.417,0.185,0.022,0.404,0.399,0.023,0.419,0.2,0.185,0.002
82,200,0.5,0.5,4,1,SD (sec),0.217,0.001,0.512,0.473,0.441,0.609,0.198,0.002,0.012,0.512,0.4,0.001,0.503,0.492,0.017,0.485,0.423,0.402,0.001
82,200,0.5,0.5,4,1,Mix % (take failure into account),0.001,0.0031,0.1131,0.1057,0.2361,0.0161,0.0361,0.0104,0.12,0.0104,0.093,0.0061,0.0104,0.0435,0.001,0.0104,0.0031,0.001,0.0335
83,50,0.5,0.5,1,0,Avg (sec),0.007,0.001,0.004,0.005,0.008,0.015,0.008,0.001,0.001,0.005,0.005,0.001,0.004,0.005,0.003,0.005,0.005,0.005,0.001
83,50,0.5,0.5,1,0,SD (sec),0.007,0.001,0.001,0.008,0.014,0.015,0.008,0.001,0.001,0.008,0.008,0.001,0.002,0.008,0.008,0.008,0.007,0.007,0.001
83,50,0.5,0.5,1,0,Mix % (take failure into account),0.0133,0.0133,0.1125,0.0961,0.2258,0.0257,0.0258,0.0305,0.0993,0.0305,0.1133,0.0258,0.0305,0.0438,0.0132,0.0305,0.0133,0.0133,0.0437
84,50,0.5,0.5,1,1,Avg (sec),0.001,0.001,0.024,0.001,0.028,0.001,0.018,0.011,0.001,0.025,0.025,0.001,0.024,0.025,0.001,0.015,0.001,0.015,0.001
84,50,0.5,0.5,1,1,SD (sec),0.027,0.021,0.001,0.018,0.014,0.015,0.001,0.021,0.021,0.028,0.001,0.021,0.002,0.008,0.001,0.018,0.007,0.017,0.011
84,50,0.5,0.5,1,1,Mix % (take failure into account),0.001,0.0133,0.1125,0.0961,0.2258,0.0357,0.0258,0.0305,0.0993,0.0105,0.1333,0.0258,0.0105,0.0238,0.001,0.0105,0.0033,0.0333,0.0637
85,200,1,0.25,2,0,Avg (sec),0.042,0.002,0.323,0.321,1.032,1.013,0.048,0.002,0.002,0.319,0.159,0.002,0.307,0.324,0.003,0.321,0.157,0.16,0.002
85,200,1,0.25,2,0,SD (sec),0.184,0.002,0.466,0.465,2.698,2.263,0.197,0.002,0.002,0.464,0.36,0.002,0.459,0.466,0.008,0.464,0.358,0.361,0.002
85,200,1,0.25,2,0,Mix % (take failure into account),0.0131,0.0131,0.1131,0.0958,0.2258,0.0262,0.0262,0.0304,0.1001,0.0303,0.113,0.0262,0.0303,0.0434,0.0131,0.0303,0.0131,0.0131,0.0434
86,200,1,0.25,2,1,Avg (sec),0.042,0.012,0.343,0.321,1.042,0.993,0.068,0.012,0.001,0.309,0.179,0.012,0.287,0.344,0.001,0.321,0.157,0.18,0.022
86,200,1,0.25,2,1,SD (sec),0.194,0.001,0.476,0.445,2.708,2.243,0.187,0.022,0.012,0.464,0.37,0.001,0.479,0.466,0.001,0.484,0.368,0.381,0.022
86,200,1,0.25,2,1,Mix % (take failure into account),0.0031,0.001,0.1231,0.0758,0.2458,0.0362,0.0462,0.0304,0.1101,0.0303,0.103,0.0162,0.0403,0.0234,0.0031,0.0103,0.0331,0.0131,0.0534
87,150,0.5,0.25,2,0,Avg (sec),0.007,0.002,0.004,0.005,4.221,1.668,0.008,0.002,0.001,0.005,0.005,0.002,0.004,0.005,0.003,0.005,0.006,0.005,0.002
87,150,0.5,0.25,2,0,SD (sec),0.007,0.002,0.002,0.008,6.092,3.151,0.008,0.002,0.001,0.008,0.008,0.002,0.003,0.008,0.008,0.008,0.008,0.007,0.002
87,150,0.5,0.25,2,0,Mix % (take failure into account),0.0133,0.0132,0.1128,0.0961,0.2255,0.0261,0.0261,0.0303,0.0995,0.0303,0.1132,0.0261,0.0303,0.0436,0.0132,0.0303,0.0133,0.0133,0.0436
88,150,0.5,0.25,2,1,Avg (sec),0.001,0.001,0.014,0.025,4.201,1.658,0.001,0.022,0.001,0.025,0.015,0.012,0.004,0.001,0.013,0.001,0.006,0.015,0.012
88,150,0.5,0.25,2,1,SD (sec),0.027,0.002,0.012,0.018,6.072,3.161,0.008,0.001,0.001,0.001,0.008,0.002,0.023,0.028,0.001,0.028,0.018,0.017,0.001
88,150,0.5,0.25,2,1,Mix % (take failure into account),0.0233,0.0032,0.1028,0.0961,0.2455,0.0261,0.0361,0.0203,0.0895,0.0103,0.0932,0.0361,0.0503,0.0536,0.0332,0.0203,0.001,0.0033,0.0436
89,100,0.5,0.5,2,0,Avg (sec),0.007,0.002,0.004,0.005,0.008,0.014,0.007,0.001,0.001,0.005,0.005,0.001,0.004,0.005,0.003,0.005,0.005,0.005,0.002
89,100,0.5,0.5,2,0,SD (sec),0.008,0.002,0.002,0.008,0.012,0.014,0.008,0.002,0.002,0.008,0.007,0.002,0.003,0.008,0.008,0.008,0.008,0.007,0.002
89,100,0.5,0.5,2,0,Mix % (take failure into account),0.0132,0.0132,0.1127,0.096,0.2259,0.026,0.0261,0.0304,0.0995,0.0304,0.1132,0.0261,0.0304,0.0436,0.0132,0.0304,0.0132,0.0132,0.0436
90,100,0.5,0.5,2,1,Avg (sec),0.001,0.001,0.004,0.001,0.008,0.004,0.001,0.021,0.021,0.001,0.015,0.021,0.001,0.005,0.001,0.001,0.025,0.025,0.001
90,100,0.5,0.5,2,1,SD (sec),0.001,0.002,0.002,0.028,0.032,0.034,0.001,0.001,0.002,0.028,0.007,0.001,0.001,0.001,0.001,0.018,0.028,0.027,0.001
90,100,0.5,0.5,2,1,Mix % (take failure into account),0.0232,0.0032,0.0927,0.106,0.2259,0.016,0.0261,0.0404,0.0995,0.0104,0.1232,0.0161,0.0504,0.0536,0.0232,0.0104,0.0132,0.0132,0.0636
91,300,1,0.25,4,0,Avg (sec),0.008,0.002,0.011,0.014,8.531,5.344,0.009,0.002,0.002,0.011,0.008,0.002,0.013,0.014,0.003,0.013,0.008,0.009,0.002
91,300,1,0.25,4,0,SD (sec),0.031,0.002,0.081,0.09,17.194,11.905,0.034,0.002,0.002,0.076,0.053,0.002,0.091,0.092,0.007,0.088,0.052,0.06,0.002
91,300,1,0.25,4,0,Mix % (take failure into account),0.0132,0.0132,0.1131,0.0961,0.2255,0.0263,0.0264,0.0301,0.1,0.0301,0.113,0.0264,0.0302,0.0434,0.0132,0.0301,0.0132,0.0132,0.0433
92,300,1,0.25,4,1,Avg (sec),0.018,0.002,0.031,0.004,8.551,5.354,0.001,0.001,0.002,0.011,0.028,0.012,0.013,0.024,0.013,0.013,0.001,0.001,0.001
92,300,1,0.25,4,1,SD (sec),0.041,0.001,0.101,0.09,17.184,11.925,0.014,0.001,0.002,0.066,0.033,0.001,0.081,0.072,0.007,0.108,0.062,0.06,0.012
92,300,1,0.25,4,1,Mix % (take failure into account),0.0232,0.0132,0.1331,0.0961,0.2455,0.0063,0.0264,0.0401,0.1,0.0301,0.133,0.0264,0.0502,0.0634,0.0032,0.0101,0.0132,0.0332,0.0233
93,50,1,0.5,1,0,Avg (sec),0.008,0.001,0.004,0.005,0.008,0.014,0.008,0.001,0.001,0.004,0.005,0.001,0.004,0.005,0.003,0.005,0.005,0.005,0.001
93,50,1,0.5,1,0,SD (sec),0.008,0.001,0.001,0.007,0.014,0.015,0.008,0.001,0.001,0.007,0.008,0.001,0.001,0.008,0.007,0.007,0.007,0.007,0.001
93,50,1,0.5,1,0,Mix % (take failure into account),0.013,0.013,0.113,0.0957,0.2261,0.0261,0.0261,0.0304,0.0999,0.0304,0.1131,0.0261,0.0304,0.0435,0.0131,0.0304,0.013,0.0131,0.0435
94,50,1,0.5,1,1,Avg (sec),0.028,0.021,0.001,0.001,0.001,0.034,0.028,0.011,0.011,0.014,0.015,0.011,0.024,0.025,0.003,0.025,0.001,0.001,0.001
94,50,1,0.5,1,1,SD (sec),0.001,0.001,0.001,0.001,0.004,0.005,0.001,0.021,0.001,0.001,0.001,0.011,0.001,0.018,0.001,0.017,0.001,0.001,0.011
94,50,1,0.5,1,1,Mix % (take failure into account),0.001,0.001,0.123,0.0757,0.2361,0.0461,0.0361,0.0104,0.1099,0.0304,0.1231,0.0461,0.0304,0.0635,0.0131,0.0504,0.001,0.0231,0.0535
95,300,0.5,0.25,1,0,Avg (sec),0.06,0.002,0.421,0.422,0.362,0.584,0.052,0.002,0.002,0.423,0.205,0.002,0.407,0.418,0.003,0.418,0.195,0.196,0.002
95,300,0.5,0.25,1,0,SD (sec),0.223,0.006,0.493,0.493,0.494,0.648,0.206,0.006,0.007,0.493,0.399,0.005,0.49,0.492,0.009,0.491,0.391,0.392,0.006
95,300,0.5,0.25,1,0,Mix % (take failure into account),0.013,0.0131,0.113,0.0957,0.2261,0.0262,0.0262,0.0303,0.1,0.0303,0.113,0.0262,0.0303,0.0435,0.0131,0.0303,0.0131,0.0131,0.0434
96,300,0.5,0.25,1,1,Avg (sec),0.04,0.022,0.431,0.432,0.352,0.594,0.032,0.022,0.001,0.403,0.185,0.002,0.397,0.418,0.013,0.398,0.185,0.206,0.022
96,300,0.5,0.25,1,1,SD (sec),0.203,0.001,0.483,0.473,0.494,0.638,0.186,0.001,0.001,0.503,0.419,0.005,0.47,0.492,0.009,0.511,0.371,0.412,0.006
96,300,0.5,0.25,1,1,Mix % (take failure into account),0.013,0.0331,0.103,0.0757,0.2361,0.0162,0.0062,0.0203,0.11,0.0303,0.093,0.0162,0.0503,0.0435,0.0031,0.0403,0.0031,0.0331,0.0334
97,250,1,0.25,2,0,Avg (sec),0.008,0.001,0.004,0.005,20.283,11.013,0.008,0.001,0.001,0.005,0.005,0.001,0.004,0.005,0.003,0.005,0.005,0.005,0.001
97,250,1,0.25,2,0,SD (sec),0.008,0.001,0.002,0.007,23.876,14.91,0.007,0.001,0.001,0.008,0.007,0.002,0.002,0.007,0.007,0.008,0.008,0.008,0.002
97,250,1,0.25,2,0,Mix % (take failure into account),0.0132,0.0131,0.1136,0.0959,0.224,0.0263,0.0266,0.0303,0.1005,0.0302,0.113,0.0266,0.0302,0.0435,0.0131,0.0303,0.0132,0.0132,0.0432
98,250,1,0.25,2,1,Avg (sec),0.008,0.011,0.001,0.001,20.263,11.033,0.001,0.021,0.001,0.001,0.015,0.021,0.001,0.001,0.003,0.015,0.005,0.005,0.001
98,250,1,0.25,2,1,SD (sec),0.001,0.001,0.002,0.027,23.866,14.92,0.017,0.001,0.001,0.001,0.001,0.012,0.002,0.007,0.027,0.008,0.028,0.028,0.022
98,250,1,0.25,2,1,Mix % (take failure into account),0.0032,0.0131,0.1336,0.0759,0.214,0.0163,0.0166,0.0403,0.0905,0.0302,0.093,0.0266,0.0202,0.0435,0.0231,0.0203,0.0132,0.0332,0.0632
99,250,0.5,0.5,2,0,Avg (sec),0.06,0.002,0.43,0.431,0.318,0.516,0.053,0.002,0.002,0.426,0.208,0.002,0.418,0.434,0.003,0.438,0.209,0.208,0.002
99,250,0.5,0.5,2,0,SD (sec),0.224,0.004,0.494,0.494,0.463,0.609,0.208,0.004,0.004,0.493,0.401,0.004,0.492,0.494,0.008,0.495,0.402,0.401,0.004
99,250,0.5,0.5,2,0,Mix % (take failure into account),0.013,0.0129,0.113,0.0954,0.2261,0.0259,0.0259,0.0306,0.1001,0.0306,0.1131,0.0259,0.0306,0.0436,0.013,0.0306,0.013,0.013,0.0436
100,250,0.5,0.5,2,1,Avg (sec),0.06,0.022,0.41,0.411,0.308,0.496,0.053,0.022,0.001,0.416,0.208,0.001,0.418,0.454,0.001,0.448,0.189,0.198,0.002
100,250,0.5,0.5,2,1,SD (sec),0.214,0.024,0.474,0.474,0.473,0.609,0.228,0.024,0.014,0.503,0.411,0.004,0.472,0.514,0.018,0.485,0.412,0.421,0.024
100,250,0.5,0.5,2,1,Mix % (take failure into account),0.001,0.0029,0.103,0.0854,0.2461,0.0159,0.0059,0.0106,0.0901,0.0506,0.0931,0.0359,0.0506,0.0436,0.001,0.0306,0.001,0.003,0.0436
101,50,0.5,0.5,4,0,Avg (sec),0.008,0.001,0.004,0.005,0.01,0.02,0.007,0.001,0.001,0.005,0.005,0.001,0.004,0.005,0.003,0.005,0.005,0.005,0.001
101,50,0.5,0.5,4,0,SD (sec),0.007,0.001,0.002,0.008,0.016,0.023,0.007,0.001,0.001,0.008,0.008,0.001,0.002,0.008,0.008,0.007,0.007,0.008,0.001
101,50,0.5,0.5,4,0,Mix % (take failure into account),0.0128,0.0128,0.1134,0.0952,0.2264,0.0261,0.0262,0.0306,0.1006,0.0306,0.1128,0.0262,0.0305,0.0434,0.0128,0.0306,0.0128,0.0128,0.0433
102,50,0.5,0.5,4,1,Avg (sec),0.001,0.001,0.024,0.005,0.01,0.01,0.017,0.001,0.001,0.015,0.005,0.001,0.004,0.015,0.023,0.015,0.025,0.005,0.011
102,50,0.5,0.5,4,1,SD (sec),0.027,0.001,0.012,0.028,0.026,0.043,0.001,0.011,0.011,0.001,0.018,0.001,0.001,0.001,0.001,0.001,0.027,0.008,0.021
102,50,0.5,0.5,4,1,Mix % (take failure into account),0.0328,0.001,0.1134,0.0952,0.2264,0.0161,0.0262,0.0206,0.1106,0.0306,0.1228,0.0262,0.0205,0.0534,0.001,0.0206,0.0228,0.0028,0.0333
103,200,1,0.5,4,0,Avg (sec),0.052,0.002,0.421,0.423,0.317,0.51,0.054,0.002,0.002,0.431,0.211,0.002,0.421,0.424,0.003,0.419,0.204,0.198,0.002
103,200,1,0.5,4,0,SD (sec),0.207,0.002,0.493,0.493,0.462,0.608,0.21,0.003,0.002,0.494,0.404,0.002,0.493,0.493,0.007,0.492,0.399,0.394,0.002
103,200,1,0.5,4,0,Mix % (take failure into account),0.0129,0.013,0.113,0.0954,0.2261,0.0257,0.0257,0.0308,0.1,0.0307,0.1131,0.0257,0.0308,0.0437,0.013,0.0308,0.0129,0.013,0.0437
104,200,1,0.5,4,1,Avg (sec),0.062,0.001,0.431,0.433,0.337,0.51,0.054,0.012,0.001,0.451,0.231,0.001,0.411,0.414,0.001,0.419,0.224,0.178,0.001
104,200,1,0.5,4,1,SD (sec),0.207,0.002,0.513,0.473,0.472,0.628,0.22,0.003,0.001,0.504,0.414,0.001,0.473,0.503,0.007,0.482,0.399,0.384,0.012
104,200,1,0.5,4,1,Mix % (take failure into account),0.0129,0.013,0.113,0.1054,0.2461,0.0157,0.0257,0.0208,0.11,0.0107,0.1331,0.0457,0.0308,0.0637,0.003,0.0208,0.0329,0.023,0.0237
105,200,1,0.5,1,0,Avg (sec),0.053,0.002,0.421,0.421,0.316,0.513,0.055,0.002,0.002,0.432,0.205,0.002,0.412,0.422,0.003,0.428,0.204,0.208,0.002
105,200,1,0.5,1,0,SD (sec),0.208,0.003,0.493,0.492,0.462,0.616,0.214,0.002,0.002,0.494,0.399,0.002,0.491,0.493,0.007,0.494,0.399,0.402,0.002
105,200,1,0.5,1,0,Mix % (take failure into account),0.0129,0.013,0.1134,0.0955,0.2262,0.0264,0.0263,0.0303,0.1004,0.0303,0.1129,0.0264,0.0303,0.0433,0.013,0.0303,0.0129,0.0129,0.0433
106,200,1,0.5,1,1,Avg (sec),0.043,0.012,0.431,0.411,0.316,0.523,0.065,0.022,0.001,0.422,0.215,0.001,0.422,0.412,0.001,0.408,0.204,0.198,0.001
106,200,1,0.5,1,1,SD (sec),0.228,0.023,0.503,0.512,0.472,0.606,0.204,0.022,0.012,0.484,0.389,0.002,0.481,0.493,0.017,0.474,0.399,0.422,0.001
106,200,1,0.5,1,1,Mix % (take failure into account),0.0029,0.001,0.1334,0.0955,0.2162,0.0464,0.0063,0.0203,0.0904,0.0303,0.0929,0.0164,0.0203,0.0533,0.003,0.0303,0.0029,0.0129,0.0233
107,250,0.5,0.25,1,0,Avg (sec),0.05,0.002,0.411,0.414,0.34,0.553,0.053,0.002,0.002,0.408,0.202,0.002,0.422,0.412,0.003,0.409,0.202,0.198,0.002
107,250,0.5,0.25,1,0,SD (sec),0.203,0.003,0.491,0.491,0.483,0.643,0.209,0.003,0.003,0.49,0.397,0.003,0.493,0.491,0.008,0.49,0.397,0.394,0.004
107,250,0.5,0.25,1,0,Mix % (take failure into account),0.0131,0.0132,0.1128,0.0958,0.2258,0.026,0.0259,0.0305,0.0997,0.0304,0.1131,0.026,0.0304,0.0437,0.0132,0.0304,0.0132,0.0132,0.0436
108,250,0.5,0.25,1,1,Avg (sec),0.04,0.022,0.401,0.394,0.36,0.533,0.073,0.022,0.012,0.408,0.222,0.012,0.442,0.402,0.023,0.389,0.212,0.188,0.012
108,250,0.5,0.25,1,1,SD (sec),0.183,0.003,0.491,0.501,0.473,0.663,0.199,0.003,0.013,0.49,0.397,0.023,0.493,0.501,0.001,0.49,0.377,0.394,0.004
108,250,0.5,0.25,1,1,Mix % (take failure into account),0.0331,0.0032,0.0928,0.1058,0.2058,0.036,0.0259,0.0205,0.0997,0.0504,0.0931,0.026,0.0204,0.0437,0.0332,0.0304,0.0032,0.0032,0.0336
109,50,0.5,0.25,1,0,Avg (sec),0.007,0.001,0.004,0.005,0.009,0.022,0.008,0.001,0.001,0.005,0.005,0.001,0.004,0.005,0.003,0.005,0.005,0.005,0.001
109,50,0.5,0.25,1,0,SD (sec),0.007,0.001,0.002,0.007,0.016,0.027,0.008,0.001,0.001,0.008,0.007,0.001,0.002,0.007,0.007,0.008,0.008,0.007,0.001
109,50,0.5,0.25,1,0,Mix % (take failure into account),0.0131,0.0132,0.1131,0.096,0.226,0.0265,0.0265,0.03,0.1,0.0301,0.1129,0.0265,0.0301,0.0432,0.0132,0.03,0.0131,0.0132,0.0433
110,50,0.5,0.25,1,1,Avg (sec),0.007,0.021,0.014,0.001,0.019,0.022,0.001,0.001,0.001,0.001,0.025,0.011,0.014,0.005,0.001,0.001,0.015,0.001,0.001
110,50,0.5,0.25,1,1,SD (sec),0.007,0.001,0.001,0.001,0.006,0.047,0.008,0.001,0.011,0.001,0.017,0.001,0.012,0.017,0.001,0.008,0.001,0.007,0.001
110,50,0.5,0.25,1,1,Mix % (take failure into account),0.001,0.001,0.1331,0.096,0.226,0.0465,0.0365,0.01,0.12,0.0301,0.1129,0.0065,0.0201,0.0332,0.0032,0.02,0.0231,0.0032,0.0333
111,300,0.5,0.5,2,0,Avg (sec),0.056,0.002,0.43,0.432,0.318,0.545,0.057,0.002,0.002,0.432,0.207,0.002,0.431,0.432,0.003,0.434,0.209,0.219,0.002
111,300,0.5,0.5,2,0,SD (sec),0.213,0.007,0.494,0.494,0.462,0.623,0.217,0.006,0.006,0.494,0.401,0.006,0.494,0.494,0.008,0.495,0.402,0.409,0.006
111,300,0.5,0.5,2,0,Mix % (take failure into account),0.0131,0.0131,0.1129,0.0958,0.226,0.0261,0.026,0.0304,0.0998,0.0304,0.1131,0.026,0.0304,0.0435,0.0131,0.0304,0.0131,0.0131,0.0435
112,300,0.5,0.5,2,1,Avg (sec),0.056,0.001,0.45,0.442,0.308,0.555,0.077,0.001,0.012,0.412,0.207,0.002,0.421,0.442,0.013,0.444,0.189,0.239,0.002
112,300,0.5,0.5,2,1,SD (sec),0.193,0.001,0.474,0.474,0.442,0.623,0.227,0.001,0.001,0.514,0.401,0.001,0.514,0.484,0.001,0.505,0.422,0.409,0.026
112,300,0.5,0.5,2,1,Mix % (take failure into account),0.0131,0.0131,0.1329,0.1158,0.246,0.0361,0.036,0.0504,0.1198,0.0504,0.0931,0.006,0.0504,0.0235,0.0131,0.0504,0.0131,0.0331,0.0335
113,200,0.5,0.5,1,0,Avg (sec),0.057,0.002,0.425,0.428,0.315,0.515,0.056,0.002,0.002,0.426,0.207,0.002,0.417,0.419,0.003,0.423,0.201,0.209,0.002
113,200,0.5,0.5,1,0,SD (sec),0.218,0.002,0.493,0.494,0.462,0.61,0.215,0.002,0.002,0.493,0.401,0.002,0.492,0.492,0.007,0.493,0.396,0.402,0.002
113,200,0.5,0.5,1,0,Mix % (take failure into account),0.0131,0.0132,0.113,0.0959,0.226,0.0261,0.0261,0.0303,0.0998,0.0303,0.1131,0.0261,0.0303,0.0435,0.0132,0.0303,0.0131,0.0132,0.0435
114,200,0.5,0.5,1,1,Avg (sec),0.077,0.022,0.435,0.428,0.325,0.515,0.036,0.012,0.012,0.436,0.227,0.001,0.397,0.429,0.003,0.433,0.221,0.209,0.002
114,200,0.5,0.5,1,1,SD (sec),0.208,0.012,0.503,0.474,0.472,0.61,0.215,0.001,0.001,0.483,0.391,0.001,0.472,0.472,0.001,0.493,0.376,0.392,0.002
114,200,0.5,0.5,1,1,Mix % (take failure into account),0.0331,0.0032,0.113,0.0959,0.236,0.0361,0.0161,0.0403,0.0798,0.0103,0.1231,0.0461,0.0503,0.0535,0.0132,0.0203,0.0131,0.0232,0.0635
115,150,1,0.25,1,0,Avg (sec),0.01,0.002,0.062,0.06,0.05,0.079,0.012,0.002,0.002,0.065,0.027,0.002,0.062,0.066,0.003,0.057,0.031,0.029,0.002
115,150,1,0.25,1,0,SD (sec),0.055,0.001,0.233,0.227,0.197,0.254,0.069,0.002,0.002,0.238,0.146,0.002,0.233,0.238,0.007,0.222,0.16,0.152,0.002
115,150,1,0.25,1,0,Mix % (take failure into account),0.013,0.013,0.1131,0.0956,0.2261,0.026,0.0261,0.0305,0.1001,0.0305,0.113,0.0261,0.0305,0.0435,0.013,0.0305,0.013,0.013,0.0435
116,150,1,0.25,1,1,Avg (sec),0.02,0.012,0.042,0.07,0.03,0.099,0.012,0.001,0.022,0.055,0.037,0.012,0.072,0.076,0.023,0.057,0.011,0.049,0.012
116,150,1,0.25,1,1,SD (sec),0.075,0.011,0.223,0.227,0.197,0.264,0.079,0.002,0.022,0.248,0.146,0.002,0.223,0.238,0.001,0.242,0.17,0.152,0.001
116,150,1,0.25,1,1,Mix % (take failure into account),0.001,0.001,0.1031,0.0856,0.2261,0.006,0.0361,0.0305,0.0801,0.0505,0.093,0.0461,0.0205,0.0635,0.033,0.0105,0.023,0.001,0.0335
117,100,1,0.25,1,0,Avg (sec),0.008,0.002,0.004,0.005,0.944,0.557,0.007,0.001,0.001,0.005,0.005,0.001,0.004,0.005,0.003,0.005,0.005,0.005,0.001
117,100,1,0.25,1,0,SD (sec),0.008,0.002,0.002,0.008,1.45,1.032,0.007,0.002,0.002,0.008,0.008,0.002,0.002,0.008,0.007,0.008,0.008,0.008,0.001
117,100,1,0.25,1,0,Mix % (take failure into account),0.0132,0.0133,0.1127,0.096,0.2258,0.026,0.026,0.0304,0.0995,0.0304,0.1131,0.026,0.0303,0.0436,0.0132,0.0303,0.0133,0.0133,0.0436
118,100,1,0.25,1,1,Avg (sec),0.001,0.012,0.004,0.015,0.944,0.567,0.027,0.001,0.001,0.001,0.025,0.021,0.001,0.015,0.013,0.015,0.005,0.005,0.011
118,100,1,0.25,1,1,SD (sec),0.001,0.022,0.001,0.001,1.44,1.012,0.027,0.002,0.001,0.018,0.001,0.001,0.002,0.001,0.017,0.008,0.028,0.008,0.001
118,100,1,0.25,1,1,Mix % (take failure into account),0.0132,0.0033,0.1127,0.116,0.2158,0.036,0.036,0.0104,0.0795,0.0404,0.1131,0.046,0.0203,0.0336,0.001,0.0303,0.0333,0.0033,0.0536
119,50,1,0.25,4,0,Avg (sec),0.008,0.001,0.004,0.005,0.033,0.055,0.007,0.001,0.001,0.005,0.005,0.001,0.004,0.005,0.003,0.005,0.005,0.005,0.001
119,50,1,0.25,4,0,SD (sec),0.008,0.001,0.002,0.007,0.282,0.173,0.007,0.001,0.001,0.008,0.007,0.001,0.002,0.007,0.008,0.008,0.008,0.007,0.001
119,50,1,0.25,4,0,Mix % (take failure into account),0.013,0.013,0.113,0.0955,0.2261,0.0259,0.0259,0.0306,0.1,0.0306,0.1131,0.0259,0.0306,0.0436,0.0129,0.0306,0.013,0.013,0.0436
120,50,1,0.25,4,1,Avg (sec),0.001,0.001,0.024,0.025,0.023,0.035,0.017,0.011,0.021,0.005,0.025,0.001,0.024,0.005,0.003,0.015,0.015,0.015,0.011
120,50,1,0.25,4,1,SD (sec),0.008,0.001,0.022,0.001,0.302,0.183,0.007,0.001,0.011,0.001,0.001,0.011,0.002,0.017,0.018,0.008,0.001,0.007,0.001
120,50,1,0.25,4,1,Mix % (take failure into account),0.001,0.023,0.123,0.0855,0.2261,0.0359,0.0359,0.0106,0.08,0.0406,0.1331,0.0459,0.0306,0.0636,0.0129,0.0106,0.003,0.023,0.0536
121,100,1,0.5,4,0,Avg (sec),0.007,0.002,0.004,0.005,0.008,0.016,0.007,0.001,0.001,0.005,0.005,0.001,0.004,0.005,0.003,0.005,0.005,0.005,0.001
121,100,1,0.5,4,0,SD (sec),0.008,0.001,0.002,0.008,0.014,0.017,0.008,0.002,0.002,0.008,0.008,0.002,0.002,0.007,0.008,0.008,0.007,0.007,0.002
121,100,1,0.5,4,0,Mix % (take failure into account),0.0129,0.0129,0.1132,0.0952,0.2262,0.0259,0.0259,0.0307,0.1004,0.0307,0.113,0.0259,0.0307,0.0436,0.0129,0.0307,0.0128,0.0128,0.0436
122,100,1,0.5,4,1,Avg (sec),0.001,0.001,0.004,0.005,0.008,0.001,0.027,0.001,0.001,0.015,0.005,0.001,0.001,0.001,0.013,0.005,0.001,0.015,0.021
122,100,1,0.5,4,1,SD (sec),0.001,0.001,0.022,0.018,0.024,0.017,0.001,0.001,0.001,0.001,0.001,0.012,0.002,0.001,0.008,0.001,0.017,0.017,0.012
122,100,1,0.5,4,1,Mix % (take failure into account),0.0229,0.0129,0.1232,0.0852,0.2062,0.0259,0.0459,0.0407,0.0904,0.0407,0.123,0.0059,0.0407,0.0236,0.0029,0.0407,0.0228,0.0128,0.0536
123,150,0.5,0.5,1,0,Avg (sec),0.012,0.002,0.065,0.066,0.048,0.074,0.011,0.002,0.002,0.068,0.029,0.002,0.065,0.069,0.003,0.066,0.035,0.027,0.002
123,150,0.5,0.5,1,0,SD (sec),0.069,0.002,0.239,0.239,0.199,0.258,0.065,0.002,0.002,0.243,0.153,0.002,0.24,0.245,0.008,0.239,0.169,0.147,0.002
123,150,0.5,0.5,1,0,Mix % (take failure into account),0.013,0.0131,0.1131,0.0957,0.2261,0.0264,0.0263,0.0303,0.1001,0.0303,0.1129,0.0263,0.0303,0.0434,0.0131,0.0303,0.0131,0.0131,0.0434
124,150,0.5,0.5,1,1,Avg (sec),0.002,0.001,0.075,0.086,0.048,0.074,0.021,0.022,0.001,0.048,0.049,0.012,0.075,0.049,0.001,0.086,0.015,0.027,0.001
124,150,0.5,0.5,1,1,SD (sec),0.059,0.002,0.219,0.229,0.209,0.248,0.055,0.022,0.001,0.223,0.173,0.012,0.24,0.245,0.018,0.249,0.169,0.157,0.022
124,150,0.5,0.5,1,1,Mix % (take failure into account),0.023,0.0231,0.0931,0.0757,0.2161,0.0464,0.0463,0.0303,0.1201,0.0203,0.1229,0.0363,0.0203,0.0234,0.0031,0.0203,0.001,0.0031,0.0434
125,250,0.5,0.25,4,0,Avg (sec),0.056,0.002,0.404,0.409,0.613,0.828,0.052,0.002,0.002,0.398,0.198,0.002,0.397,0.405,0.003,0.397,0.187,0.2,0.002
125,250,0.5,0.25,4,0,SD (sec),0.215,0.004,0.489,0.49,2.486,3.785,0.206,0.004,0.004,0.488,0.393,0.003,0.488,0.489,0.007,0.488,0.385,0.395,0.003
125,250,0.5,0.25,4,0,Mix % (take failure into account),0.0131,0.0132,0.1129,0.0958,0.2258,0.0262,0.0261,0.0304,0.0999,0.0303,0.1131,0.0261,0.0303,0.0435,0.0131,0.0304,0.0132,0.0132,0.0435
126,250,0.5,0.25,4,1,Avg (sec),0.036,0.022,0.394,0.409,0.593,0.818,0.052,0.022,0.022,0.378,0.188,0.022,0.417,0.425,0.023,0.407,0.187,0.21,0.002
126,250,0.5,0.25,4,1,SD (sec),0.205,0.004,0.509,0.47,2.486,3.795,0.206,0.014,0.014,0.508,0.393,0.023,0.478,0.479,0.001,0.488,0.365,0.395,0.013
126,250,0.5,0.25,4,1,Mix % (take failure into account),0.0231,0.0132,0.1329,0.0858,0.2158,0.0262,0.0161,0.0404,0.1099,0.0303,0.1331,0.0161,0.0203,0.0435,0.0331,0.0404,0.0032,0.0332,0.0635
127,100,0.5,0.25,4,0,Avg (sec),0.007,0.002,0.004,0.005,0.025,0.035,0.007,0.002,0.002,0.005,0.005,0.001,0.004,0.005,0.003,0.005,0.005,0.005,0.002
127,100,0.5,0.25,4,0,SD (sec),0.008,0.002,0.002,0.007,0.063,0.057,0.008,0.002,0.002,0.007,0.008,0.002,0.003,0.008,0.007,0.008,0.008,0.008,0.002
127,100,0.5,0.25,4,0,Mix % (take failure into account),0.0131,0.0131,0.1131,0.0958,0.2261,0.0262,0.0262,0.0303,0.1,0.0303,0.113,0.0262,0.0303,0.0434,0.0131,0.0303,0.0131,0.0131,0.0434
128,100,0.5,0.25,4,1,Avg (sec),0.027,0.002,0.001,0.001,0.045,0.055,0.017,0.001,0.012,0.001,0.015,0.011,0.001,0.005,0.023,0.005,0.025,0.001,0.022
128,100,0.5,0.25,4,1,SD (sec),0.008,0.002,0.012,0.027,0.073,0.077,0.018,0.001,0.002,0.027,0.001,0.022,0.023,0.018,0.001,0.001,0.001,0.028,0.002
128,100,0.5,0.25,4,1,Mix % (take failure into account),0.0131,0.0331,0.1031,0.0958,0.2361,0.0362,0.0462,0.0503,0.12,0.0103,0.103,0.0162,0.0503,0.0534,0.0131,0.0203,0.0231,0.0231,0.0234
129,200,0.5,0.25,4,0,Avg (sec),0.008,0.002,0.004,0.005,4.35,1.837,0.007,0.002,0.002,0.005,0.006,0.002,0.004,0.005,0.003,0.006,0.005,0.006,0.002
129,200,0.5,0.25,4,0,SD (sec),0.008,0.002,0.003,0.008,8.702,4.45,0.007,0.002,0.002,0.008,0.008,0.002,0.002,0.008,0.007,0.008,0.008,0.008,0.002
129,200,0.5,0.25,4,0,Mix % (take failure into account),0.0132,0.0131,0.113,0.0959,0.2254,0.0261,0.0261,0.0304,0.1,0.0304,0.1132,0.0261,0.0304,0.0435,0.0131,0.0304,0.0131,0.0131,0.0435
130,200,0.5,0.25,4,1,Avg (sec),0.018,0.002,0.001,0.001,4.36,1.817,0.001,0.012,0.012,0.005,0.001,0.001,0.014,0.025,0.001,0.026,0.001,0.001,0.012
130,200,0.5,0.25,4,1,SD (sec),0.001,0.012,0.013,0.001,8.722,4.45,0.001,0.002,0.002,0.001,0.001,0.001,0.022,0.018,0.017,0.001,0.018,0.001,0.012
130,200,0.5,0.25,4,1,Mix % (take failure into account),0.0032,0.0331,0.103,0.0859,0.2454,0.0161,0.0161,0.0104,0.09,0.0504,0.1232,0.0161,0.0304,0.0335,0.0031,0.0104,0.0331,0.0231,0.0235
131,100,0.5,0.25,1,0,Avg (sec),0.007,0.002,0.004,0.005,0.009,0.017,0.007,0.001,0.001,0.005,0.005,0.001,0.004,0.005,0.003,0.005,0.005,0.005,0.001
131,100,0.5,0.25,1,0,SD (sec),0.008,0.002,0.002,0.008,0.016,0.023,0.008,0.001,0.002,0.007,0.007,0.002,0.002,0.008,0.008,0.007,0.008,0.008,0.002
131,100,0.5,0.25,1,0,Mix % (take failure into account),0.013,0.013,0.1132,0.0956,0.2261,0.0262,0.0262,0.0304,0.1002,0.0304,0.113,0.0262,0.0304,0.0433,0.013,0.0304,0.013,0.013,0.0434
132,100,0.5,0.25,1,1,Avg (sec),0.001,0.001,0.004,0.025,0.019,0.007,0.001,0.021,0.001,0.001,0.015,0.001,0.004,0.015,0.001,0.001,0.025,0.025,0.011
132,100,0.5,0.25,1,1,SD (sec),0.018,0.002,0.022,0.018,0.016,0.033,0.001,0.001,0.001,0.017,0.017,0.001,0.012,0.001,0.001,0.007,0.001,0.018,0.002
132,100,0.5,0.25,1,1,Mix % (take failure into account),0.001,0.023,0.1032,0.0956,0.2361,0.0162,0.0262,0.0304,0.0902,0.0504,0.103,0.0262,0.0204,0.0433,0.003,0.0404,0.033,0.001,0.0234
133,300,1,0.25,1,0,Avg (sec),0.054,0.003,0.42,0.415,0.392,0.615,0.053,0.002,0.002,0.425,0.205,0.002,0.423,0.413,0.003,0.42,0.21,0.219,0.002
133,300,1,0.25,1,0,SD (sec),0.211,0.009,0.493,0.491,0.609,0.73,0.207,0.005,0.007,0.493,0.399,0.007,0.493,0.491,0.008,0.492,0.402,0.409,0.009
133,300,1,0.25,1,0,Mix % (take failure into account),0.0131,0.0132,0.1129,0.0958,0.2258,0.0261,0.026,0.0304,0.0998,0.0304,0.1131,0.026,0.0304,0.0437,0.0132,0.0304,0.0131,0.0131,0.0436
134,300,1,0.25,1,1,Avg (sec),0.034,0.001,0.44,0.395,0.392,0.615,0.063,0.002,0.001,0.425,0.185,0.022,0.423,0.393,0.023,0.44,0.2,0.199,0.022
134,300,1,0.25,1,1,SD (sec),0.201,0.029,0.493,0.481,0.589,0.72,0.217,0.005,0.001,0.493,0.379,0.007,0.513,0.471,0.008,0.492,0.392,0.389,0.001
134,300,1,0.25,1,1,Mix % (take failure into account),0.0231,0.001,0.1129,0.0758,0.2258,0.0161,0.046,0.0404,0.0898,0.0104,0.1231,0.036,0.0504,0.0237,0.0132,0.0504,0.0131,0.0231,0.0436
135,250,0.5,0.5,4,0,Avg (sec),0.055,0.002,0.427,0.429,0.32,0.525,0.056,0.002,0.002,0.438,0.209,0.002,0.429,0.427,0.003,0.431,0.21,0.2,0.002
135,250,0.5,0.5,4,0,SD (sec),0.213,0.002,0.494,0.494,0.463,0.613,0.215,0.004,0.004,0.495,0.402,0.003,0.494,0.493,0.008,0.494,0.403,0.395,0.004
135,250,0.5,0.5,4,0,Mix % (take failure into account),0.013,0.013,0.1131,0.0956,0.2261,0.0261,0.0261,0.0305,0.1001,0.0305,0.113,0.0261,0.0304,0.0435,0.013,0.0304,0.013,0.013,0.0435
136,250,0.5,0.5,4,1,Avg (sec),0.035,0.001,0.407,0.419,0.34,0.505,0.066,0.002,0.001,0.438,0.189,0.001,0.439,0.407,0.023,0.411,0.2,0.18,0.001
136,250,0.5,0.5,4,1,SD (sec),0.203,0.001,0.474,0.514,0.443,0.593,0.215,0.001,0.014,0.485,0.392,0.013,0.504,0.483,0.008,0.474,0.383,0.375,0.004
136,250,0.5,0.5,4,1,Mix % (take failure into account),0.023,0.023,0.0931,0.0956,0.2361,0.0461,0.0061,0.0205,0.1201,0.0305,0.113,0.0461,0.0104,0.0235,0.013,0.0204,0.001,0.023,0.0435
137,2,4,1,1,0,Avg (sec),0.012,0.002,0.005,0.006,0.014,0.023,0.011,0.002,0.002,0.004,0.006,0.002,0.005,0.007,0.002,0.006,0.007,0.005,0.002
137,2,4,1,1,0,SD (sec),0.006,0,0.001,0.007,0.02,0.022,0.005,0,0.001,0.004,0.007,0.001,0.001,0.009,0.001,0.006,0.009,0.001,0
137,2,4,1,1,0,Mix % (take failure into account),0.0129,0.0129,0.1124,0.0952,0.2263,0.0247,0.0252,0.0313,0.0998,0.0313,0.1136,0.0252,0.0313,0.0442,0.0126,0.0313,0.0129,0.0129,0.0442
138,250,1,0.25,4,0,Avg (sec),0.008,0.002,0.004,0.006,7.692,4.295,0.008,0.002,0.002,0.005,0.006,0.002,0.004,0.005,0.003,0.006,0.006,0.006,0.002
138,250,1,0.25,4,0,SD (sec),0.008,0.002,0.003,0.008,15.1,8.96,0.008,0.001,0.002,0.008,0.008,0.002,0.003,0.007,0.008,0.008,0.008,0.008,0.002
138,250,1,0.25,4,0,Mix % (take failure into account),0.0131,0.013,0.1133,0.0958,0.2254,0.0263,0.0264,0.0303,0.1003,0.0303,0.113,0.0264,0.0303,0.0433,0.013,0.0303,0.013,0.013,0.0433
139,250,1,0.25,4,1,Avg (sec),0.018,0.001,0.014,0.006,7.712,4.275,0.028,0.022,0.001,0.025,0.026,0.012,0.001,0.001,0.001,0.001,0.006,0.026,0.002
139,250,1,0.25,4,1,SD (sec),0.008,0.001,0.001,0.001,15.11,8.97,0.001,0.001,0.001,0.018,0.028,0.012,0.001,0.007,0.001,0.018,0.018,0.001,0.012
139,250,1,0.25,4,1,Mix % (take failure into account),0.0231,0.023,0.1133,0.0758,0.2354,0.0363,0.0464,0.0303,0.1003,0.0103,0.133,0.0164,0.0403,0.0433,0.001,0.0403,0.003,0.033,0.0533
140,250,1,0.25,1,0,Avg (sec),0.049,0.002,0.414,0.416,0.332,0.545,0.055,0.002,0.002,0.418,0.208,0.002,0.419,0.413,0.003,0.421,0.197,0.195,0.002
140,250,1,0.25,1,0,SD (sec),0.2,0.004,0.491,0.491,0.487,0.644,0.213,0.004,0.003,0.492,0.402,0.004,0.492,0.491,0.007,0.492,0.393,0.392,0.003
140,250,1,0.25,1,0,Mix % (take failure into account),0.0132,0.0133,0.1126,0.0962,0.2258,0.026,0.026,0.0303,0.0994,0.0302,0.1132,0.0261,0.0302,0.0437,0.0133,0.0303,0.0133,0.0133,0.0436
141,250,1,0.25,1,1,Avg (sec),0.039,0.002,0.394,0.436,0.342,0.535,0.065,0.001,0.012,0.428,0.218,0.022,0.429,0.413,0.001,0.441,0.177,0.185,0.001
141,250,1,0.25,1,1,SD (sec),0.21,0.014,0.501,0.501,0.487,0.624,0.193,0.014,0.001,0.512,0.412,0.014,0.482,0.481,0.001,0.482,0.413,0.372,0.023
141,250,1,0.25,1,1,Mix % (take failure into account),0.001,0.001,0.1226,0.0762,0.2158,0.006,0.046,0.0303,0.0794,0.0202,0.0932,0.0061,0.0102,0.0637,0.0333,0.0103,0.0033,0.0233,0.0436
142,200,1,0.25,1,0,Avg (sec),0.059,0.002,0.411,0.414,0.313,0.5,0.055,0.002,0.002,0.408,0.203,0.002,0.41,0.414,0.003,0.41,0.206,0.209,0.002
142,200,1,0.25,1,0,SD (sec),0.221,0.002,0.491,0.491,0.456,0.598,0.213,0.002,0.002,0.49,0.398,0.002,0.491,0.491,0.008,0.49,0.401,0.403,0.002
142,200,1,0.25,1,0,Mix % (take failure into account),0.0131,0.0131,0.1127,0.0957,0.2259,0.0257,0.0257,0.0306,0.0996,0.0306,0.1132,0.0258,0.0306,0.0438,0.0131,0.0306,0.0131,0.0131,0.0437
143,200,1,0.25,1,1,Avg (sec),0.039,0.001,0.421,0.394,0.293,0.49,0.075,0.001,0.002,0.408,0.183,0.001,0.43,0.434,0.001,0.43,0.226,0.229,0.002
143,200,1,0.25,1,1,SD (sec),0.241,0.022,0.481,0.511,0.446,0.598,0.233,0.012,0.001,0.48,0.388,0.001,0.501,0.471,0.028,0.48,0.411,0.393,0.022
143,200,1,0.25,1,1,Mix % (take failure into account),0.0231,0.0131,0.1227,0.0957,0.2359,0.0157,0.0257,0.0306,0.0796,0.0106,0.1032,0.0258,0.0206,0.0438,0.0031,0.0206,0.0231,0.0331,0.0637
144,150,0.5,0.25,1,0,Avg (sec),0.011,0.002,0.058,0.059,0.05,0.08,0.011,0.002,0.002,0.059,0.026,0.002,0.061,0.06,0.003,0.058,0.031,0.029,0.002
144,150,0.5,0.25,1,0,SD (sec),0.064,0.002,0.225,0.226,0.196,0.251,0.064,0.002,0.002,0.227,0.141,0.002,0.231,0.227,0.007,0.223,0.157,0.151,0.002
144,150,0.5,0.25,1,0,Mix % (take failure into account),0.013,0.0129,0.1132,0.0955,0.2262,0.0261,0.0261,0.0305,0.1003,0.0305,0.113,0.0261,0.0305,0.0434,0.013,0.0305,0.0129,0.0129,0.0434
